title,link,source,thumbnail
Indonesia â€˜s experiment to create villages for sustainable fish farming (Video),https://news.google.com/articles/CBMic2h0dHBzOi8vd3d3LnNvY2lhbG5ld3MueHl6LzIwMjMvMTIvMTQvaW5kb25lc2lhLXMtZXhwZXJpbWVudC10by1jcmVhdGUtdmlsbGFnZXMtZm9yLXN1c3RhaW5hYmxlLWZpc2gtZmFybWluZy12aWRlby_SAXNodHRwczovL3d3dy5zb2NpYWxuZXdzLnh5ei8yMDIzLzEyLzE0L2luZG9uZXNpYS1zLWV4cGVyaW1lbnQtdG8tY3JlYXRlLXZpbGxhZ2VzLWZvci1zdXN0YWluYWJsZS1maXNoLWZhcm1pbmctdmlkZW8v?hl=en-ID&gl=ID&ceid=ID%3Aen,Social News XYZ,https://lh3.googleusercontent.com/proxy/vc8oofR1aq074zTu6w_GpZ3YkoRSjip8DbevHxl-WqEg51kwspe9cCkUasf008lLKPxgSCN1hu0wgao-7xI8oW9wsPhB1ClSoZ-O6tbIBRwRB_RJiU05f5CGFcECBqPFMOFV3v_UmXxHSjpD6YOaBslpU_-0cKdFgq5Tf_VS5g2Y1vtj_vGWbGMCG6s_3DMX9bCaInaKnCE_2-dmSvjKfJ7rMjuLAw=s0-w200-h112-dcBTOGRE3jTKUC
"Peace Corps Volunteers to Support English Language Learning in East Java, West Java, and East Nusa Tenggara",https://news.google.com/articles/CBMigwFodHRwczovL2lkLnVzZW1iYXNzeS5nb3YvcGVhY2UtY29ycHMtdm9sdW50ZWVycy10by1zdXBwb3J0LWVuZ2xpc2gtbGFuZ3VhZ2UtbGVhcm5pbmctaW4tZWFzdC1qYXZhLXdlc3QtamF2YS1hbmQtZWFzdC1udXNhLXRlbmdnYXJhL9IBAA?hl=en-ID&gl=ID&ceid=ID%3Aen,US Embassy and Consulates in Indonesia,https://lh3.googleusercontent.com/proxy/CIjiKpvZuW9i1fPLBAZ58staRYq9GFRzNW-FuaNleouBp7gHONwyXqzwWk47Zuc38R31c7dLErnvEXdJWja6KqIjCBDIK7NwnjBfyR94P0C9x0Yaq3mk3Ol4u5dxeh6V77XgK1Wjg_051ES46C5swdMGI8BGQAdoj4ACqSo3P2YRlshsNkMqdeu3zTg_lLdQkygXu1WcgEbSHU0vJXexDe7Bobzp89eGr_ENUtlHWk0ltpfpBTP3GDmsgaFN6RK8oWDKvSwWLxAiMxI=s0-w200-h112-dcBWCahSUJ
PMV AJCS Tokyo_231214,https://news.google.com/articles/CBMiZWh0dHBzOi8vd3d3Lm1mYS5nb3Yuc2cvTmV3c3Jvb20vUHJlc3MtU3RhdGVtZW50cy1UcmFuc2NyaXB0cy1hbmQtUGhvdG9zLzIwMjMvMTIvUE1WLUFKQ1MtVG9reW9fMjMxMjE00gEA?hl=en-ID&gl=ID&ceid=ID%3Aen,Ministry of Foreign Affairs Singapore,https://lh3.googleusercontent.com/proxy/b3QxSCts6qKsZxXnx1x71u-P2sudt6WWHOBHecWvf9Ecqd0jSrsUT7C-zteE5JzqLCARpe1IqO4nd7M4nFYUyPpIMys629w0eVd5VK06lkcSZ8pdgsoXcNOgnflZfc44w9LosHzW-A=s0-w280-h168-dcnWOCjCkD
Japan is a cuddlier friend to South-East Asia than America or China,https://news.google.com/articles/CBMibWh0dHBzOi8vd3d3LmVjb25vbWlzdC5jb20vYXNpYS8yMDIzLzEyLzE0L2phcGFuLWlzLWEtY3VkZGxpZXItZnJpZW5kLXRvLXNvdXRoLWVhc3QtYXNpYS10aGFuLWFtZXJpY2Etb3ItY2hpbmHSAQA?hl=en-ID&gl=ID&ceid=ID%3Aen,The Economist,No Thumbnail
Secretary-General of ASEAN to attend Commemorative Summit on 50th Year of ASEAN-Japan Friendship and Cooperation,https://news.google.com/articles/CBMiiwFodHRwczovL2FzZWFuLm9yZy9zZWNyZXRhcnktZ2VuZXJhbC1vZi1hc2Vhbi10by1hdHRlbmQtdGhlLWNvbW1lbW9yYXRpdmUtc3VtbWl0LW9uLXRoZS01MHRoLXllYXItb2YtYXNlYW4tamFwYW4tZnJpZW5kc2hpcC1hbmQtY29vcGVyYXRpb24v0gEA?hl=en-ID&gl=ID&ceid=ID%3Aen,ASEAN,No Thumbnail
"Jokowi to Visit Japan, Attends ASEAN-Japan Summit, AZEC this Weekend",https://news.google.com/articles/CBMiYmh0dHBzOi8vZW4udGVtcG8uY28vcmVhZC8xODA4NzMyL2pva293aS10by12aXNpdC1qYXBhbmF0dGVuZHMtYXNlYW4tamFwYW4tc3VtbWl0LWF6ZWMtdGhpcy13ZWVrZW5k0gEA?hl=en-ID&gl=ID&ceid=ID%3Aen,Tempo.co English,No Thumbnail
"Under Secretary Allen Opens the U.S.-ASEAN Center in Washington, D.C.",https://news.google.com/articles/CBMiX2h0dHBzOi8vYXNlYW4udXNtaXNzaW9uLmdvdi91bmRlci1zZWNyZXRhcnktYWxsZW4tb3BlbnMtdGhlLXUtcy1hc2Vhbi1jZW50ZXItaW4td2FzaGluZ3Rvbi1kLWMv0gEA?hl=en-ID&gl=ID&ceid=ID%3Aen,U.S. Mission to ASEAN,https://lh3.googleusercontent.com/proxy/364LmlxUQrviQPWqIV0lhZt93irT12egv60QL-B_SR_mJxXLsW5J2JAA9YJSl9zn6rUhLCsX6oP2o2VYzg6JIMujDXtA2-aDSWJZ6hjtRA5HIi6PID3kZjiBgh40yEAlfDsTf3wg0G0Qq_dY_XfllQ=s0-w200-h112-dcgUKWSiUI
Indonesia state power firm PLN signs 14 clean energy deals during COP28,https://news.google.com/articles/CBMiiQFodHRwczovL3d3dy5yZXV0ZXJzLmNvbS9zdXN0YWluYWJpbGl0eS9jbGltYXRlLWVuZXJneS9pbmRvbmVzaWEtc3RhdGUtcG93ZXItZmlybS1wbG4tc2lnbnMtMTQtY2xlYW4tZW5lcmd5LWRlYWxzLWR1cmluZy1jb3AyOC0yMDIzLTEyLTE1L9IBAA?hl=en-ID&gl=ID&ceid=ID%3Aen,Reuters.com,https://lh3.googleusercontent.com/proxy/f3dg6igPaA32xkAAXZoaiLTcvIuxpeNIzBQTWg3OXZyaX5vFQ9upKOy0t0oB-47N89DQLbxeKQNXWHI3ndB7WDmVN4Zowy_y1CJVhE10qrWdHmcpIHbGRbMAAAjA_ycDRsWJKnVqCa7bdBSyEOnixl9D257_Zp0=s0-w200-h112-p-df
European Stock Futures Rally on Fed Pivot Before ECB Decision,https://news.google.com/articles/CBMiTmh0dHBzOi8vZmluYW5jZS55YWhvby5jb20vbmV3cy9ldXJvcGVhbi1zdG9jay1mdXR1cmVzLXJhbGx5LWZlZC0wNjA1NTEwNjYuaHRtbNIBAA?hl=en-ID&gl=ID&ceid=ID%3Aen,Yahoo Finance,https://lh3.googleusercontent.com/proxy/r5LuVM72_NPr9qi1Q4AO3ZMqa4xKga5yH8zWhKek35FpHsY2iUjLk-_HKw-9ZVA5SSmQWjT9wyKwXSkgBe3STlFQ6nD79cw2DxJea24urWJXiRI5xgIK6j_r_8PSpKWdQTI8m6dh73Q0SJsEAK-bbksJNi1uc259xuB-S1DMe53vjlUnwHthVGEv9yLxGT4coVfddf2tGbgtAdZ__CxAcB477VGqzwh3ckf2iW1pmYvLNDa37dqqk4tjP7d23xFlO6u5QJEQRvopWjjNEUEFG0A=s0-w280-h168-dchQOCpUKkQ6AD
Fed and ECB Stand Firm on Interest Rates,https://news.google.com/articles/CBMiWWh0dHBzOi8vd3d3LmJsb29tYmVyZy5jb20vbmV3cy92aWRlb3MvMjAyMy0xMi0xNC9mZWQtYW5kLWVjYi1zdGFuZC1maXJtLW9uLWludGVyZXN0LXJhdGVz0gEA?hl=en-ID&gl=ID&ceid=ID%3Aen,Bloomberg,No Thumbnail
Something Doesnâ€™t Feel Right,https://news.google.com/articles/CBMiYWh0dHBzOi8vd3d3LmFjdGlvbmZvcmV4LmNvbS9jb250cmlidXRvcnMvZnVuZGFtZW50YWwtYW5hbHlzaXMvNTMxODcyLXNvbWV0aGluZy1kb2VzbnQtZmVlbC1yaWdodC_SAWVodHRwczovL3d3dy5hY3Rpb25mb3JleC5jb20vY29udHJpYnV0b3JzL2Z1bmRhbWVudGFsLWFuYWx5c2lzLzUzMTg3Mi1zb21ldGhpbmctZG9lc250LWZlZWwtcmlnaHQvP2FtcA?hl=en-ID&gl=ID&ceid=ID%3Aen,Action Forex,No Thumbnail
ECB and BOE Reluctant to Join Fed in Pivoting Toward Rate Cuts,https://news.google.com/articles/CBMiTmh0dHBzOi8vd3d3LmZvcmV4ZmFjdG9yeS5jb20vbmV3cy8xMjU3NTIzLWVjYi1hbmQtYm9lLXJlbHVjdGFudC10by1qb2luLWZlZC1pbtIBUmh0dHBzOi8vd3d3LmZvcmV4ZmFjdG9yeS5jb20vbmV3cy8xMjU3NTIzLWVjYi1hbmQtYm9lLXJlbHVjdGFudC10by1qb2luLWZlZC1pbi9hbXA?hl=en-ID&gl=ID&ceid=ID%3Aen,Forex Factory,No Thumbnail
Eddie Howe Reacts To Newcastle United's Early Champions League & Europe Exit! ðŸ‘€,https://news.google.com/articles/CCAiC1lWVFpkdGIyNGxZmAEB?hl=en-ID&gl=ID&ceid=ID%3Aen,talkSPORT,https://lh3.googleusercontent.com/proxy/8WT2xZ1cJ0fj__86cGudN-sYXwGKhrtvmt7KuMso1TIrSa0Yu5XrHdSfnbR5amBCIK05fevlG0SmVdiehh_9knOrSO8M9cfIw9uDIUGobQ=s0-w280-h168-p-df
Football latest: Premier League news conferences & European reaction - Live,https://news.google.com/articles/CBMiMmh0dHBzOi8vd3d3LmJiYy5jby51ay9zcG9ydC9saXZlL2Zvb3RiYWxsLzY3NzI0OTI00gEA?hl=en-ID&gl=ID&ceid=ID%3Aen,BBC,No Thumbnail
Eddie Howe urges Newcastle to book Champions League return after European exit,https://news.google.com/articles/CBMioAFodHRwczovL3d3dy5iZWluc3BvcnRzLmNvbS9lbi11cy9zb2NjZXIvdWVmYS1jaGFtcGlvbnMtbGVhZ3VlL2FydGljbGVzL2VkZGllLWhvd2UtdXJnZXMtbmV3Y2FzdGxlLXRvLWJvb2stY2hhbXBpb25zLWxlYWd1ZS1yZXR1cm4tYWZ0ZXItZXVyb3BlYW4tZXhpdC0yMDIzLTEyLTE00gEA?hl=en-ID&gl=ID&ceid=ID%3Aen,beIN SPORTS,No Thumbnail
Newcastle 1-2 AC Milan: Five things we learned â€“ heroic rearguard; Chuk to the rescue,https://news.google.com/articles/CBMiRWh0dHBzOi8vc2VtcHJlbWlsYW4uY29tL25ld2Nhc3RsZS0xLTItYWMtbWlsYW4tZml2ZS10aGluZ3Mtd2UtbGVhcm5lZNIBSWh0dHBzOi8vc2VtcHJlbWlsYW4uY29tL25ld2Nhc3RsZS0xLTItYWMtbWlsYW4tZml2ZS10aGluZ3Mtd2UtbGVhcm5lZC9hbXA?hl=en-ID&gl=ID&ceid=ID%3Aen,Sempre Milan,No Thumbnail
IN PHOTOS: Stunning red carpet looks at the Asia Artist Awards 2023,https://news.google.com/articles/CBMiZWh0dHBzOi8vd3d3LnJhcHBsZXIuY29tL2VudGVydGFpbm1lbnQvbXVzaWMvcGhvdG9zLXN0dW5uaW5nLXJlZC1jYXJwZXQtbG9va3MtYXNpYS1hcnRpc3QtYXdhcmRzLTIwMjMv0gEA?hl=en-ID&gl=ID&ceid=ID%3Aen,Rappler,https://lh3.googleusercontent.com/proxy/A9kr29wg-Hdg1z_Din7Afp4vnjJXn5oaKb5J37niwk789Q_9gGWPLeD5PqoMMsnIGud-AndICsAQX6VFr_tYn6VD5WHiEjmZ0Ol29al-nr-LqwKpCSfHYtZQMNZzjc9V_Q=s0-w280-h168-dcAVCIriEJ
Winners Of 2023 Asia Artist Awards (AAA),https://news.google.com/articles/CBMiUGh0dHBzOi8vd3d3LnNvb21waS5jb20vYXJ0aWNsZS8xNjMxODkzd3BwL3dpbm5lcnMtb2YtMjAyMy1hc2lhLWFydGlzdC1hd2FyZHMtYWFh0gEA?hl=en-ID&gl=ID&ceid=ID%3Aen,soompi,No Thumbnail
"Kathryn Bernardo And Daniel Padilla's Post-Break-Up Interaction At The ""2023 Asia Artist Awards"" Sets The Internet On Fire",https://news.google.com/articles/CBMihwFodHRwczovL3d3dy5rb3JlYWJvby5jb20vYXNpYS9maWxpcGluby1rYXRocnluLWJlcm5hcmRvLWRhbmllbC1wYWRpbGxhLWludGVyYWN0aW9uLTIwMjMtYXNpYS1hcnRpc3QtYXdhcmRzLWJyZWFrLXJlbGF0aW9uc2hpcC1rYXRobmllbC_SAQA?hl=en-ID&gl=ID&ceid=ID%3Aen,Koreaboo,No Thumbnail
"Kim Seon-ho, Ahn Hyo-seop, more South Korean oppas arrive at AAA 2023",https://news.google.com/articles/CBMikAFodHRwczovL3d3dy5nbWFuZXR3b3JrLmNvbS9uZXdzL2xpZmVzdHlsZS9ob2JiaWVzYW5kYWN0aXZpdGllcy84OTEzNDcva2ltLXNlb24taG8tYWhuLWh5by1zZW9wLW1vcmUtc291dGgta29yZWFuLW9wcGFzLWFycml2ZS1hdC1hYWEtMjAyMy9zdG9yeS_SAQA?hl=en-ID&gl=ID&ceid=ID%3Aen,GMA News Online,No Thumbnail
Global coal use at all-time high in 2023 - IEA,https://news.google.com/articles/CBMiaGh0dHBzOi8vd3d3LnJldXRlcnMuY29tL3N1c3RhaW5hYmlsaXR5L2NsaW1hdGUtZW5lcmd5L2dsb2JhbC1jb2FsLXVzZS1hbGwtdGltZS1oaWdoLTIwMjMtaWVhLTIwMjMtMTItMTUv0gEA?hl=en-ID&gl=ID&ceid=ID%3Aen,Reuters.com,https://lh3.googleusercontent.com/proxy/afawc5izS-GXh54jwHaSfopRv1gFOjEKi3gd8iYOiq5gxoisRUXT4CDGl8p5H7vcDcV4C2-O5Mc2LBPTuirG4GsCwwVowKn74gyLiZecw6FoVaK_EKVf96FNdBU-ol9ht8qviZCvu4lUwZPkKcKOV1u3RjkVKkM=s0-w280-h168-dcmVGWKqUI
IEA: Global coal demand expected to decline in coming years,https://news.google.com/articles/CBMiY2h0dHBzOi8vd3d3LndvcmxkY29hbC5jb20vY29hbC8xNTEyMjAyMy9pZWEtZ2xvYmFsLWNvYWwtZGVtYW5kLWV4cGVjdGVkLXRvLWRlY2xpbmUtaW4tY29taW5nLXllYXJzL9IBZ2h0dHBzOi8vd3d3LndvcmxkY29hbC5jb20vY29hbC8xNTEyMjAyMy9pZWEtZ2xvYmFsLWNvYWwtZGVtYW5kLWV4cGVjdGVkLXRvLWRlY2xpbmUtaW4tY29taW5nLXllYXJzL2FtcC8?hl=en-ID&gl=ID&ceid=ID%3Aen,World Coal,No Thumbnail
"Global coal use to reach record high in 2023, energy agency says",https://news.google.com/articles/CBMiWmh0dHBzOi8vd3d3LmFsamF6ZWVyYS5jb20vbmV3cy8yMDIzLzEyLzE1L2dsb2JhbC1jb2FsLXVzZS10by1yZWFjaC1yZWNvcmQtaGlnaC1pbi0yMDIzLWllYdIBXmh0dHBzOi8vd3d3LmFsamF6ZWVyYS5jb20vYW1wL25ld3MvMjAyMy8xMi8xNS9nbG9iYWwtY29hbC11c2UtdG8tcmVhY2gtcmVjb3JkLWhpZ2gtaW4tMjAyMy1pZWE?hl=en-ID&gl=ID&ceid=ID%3Aen,Al Jazeera English,No Thumbnail
Global coal demand is expected to drop by 2026 â€“ but not in Asia,https://news.google.com/articles/CBMiXmh0dHBzOi8vZWxlY3RyZWsuY28vMjAyMy8xMi8xNC9nbG9iYWwtY29hbC1kZW1hbmQtaXMtZXhwZWN0ZWQtdG8tZHJvcC1ieS0yMDI2LWJ1dC1ub3QtaW4tYXNpYS_SAQA?hl=en-ID&gl=ID&ceid=ID%3Aen,Electrek.co,No Thumbnail
Man Utd 0-1 Bayern Munich | Match Recap,https://news.google.com/articles/CCAiCzFKQWZOa1J0RUpJmAEB?hl=en-ID&gl=ID&ceid=ID%3Aen,Manchester United,https://lh3.googleusercontent.com/proxy/b5uu5h-q_E9n-r_u_VX91zj9_t2OmxkGiXPBk19IewZ1PykamOXtZVOYULmK-BdDoUBQDuu6sfewstVVE7VxBpuqeXdyYYwKklUadgu08w=s0-w280-h168-p-df
"Champions League: Arsenal and Man City through but Manchester United, Celtic and Newcastle exit early",https://news.google.com/articles/CBMimgFodHRwczovL3d3dy5za3lzcG9ydHMuY29tL2Zvb3RiYWxsL25ld3MvMTE5NDUvMTI5NjcwNDIvY2hhbXBpb25zLWxlYWd1ZS1hcnNlbmFsLWFuZC1tYW4tY2l0eS10aHJvdWdoLWJ1dC1tYW5jaGVzdGVyLXVuaXRlZC1jZWx0aWMtYW5kLW5ld2Nhc3RsZS1leGl0LWVhcmx50gGeAWh0dHBzOi8vd3d3LnNreXNwb3J0cy5jb20vYW1wL2Zvb3RiYWxsL25ld3MvMTE5NDUvMTI5NjcwNDIvY2hhbXBpb25zLWxlYWd1ZS1hcnNlbmFsLWFuZC1tYW4tY2l0eS10aHJvdWdoLWJ1dC1tYW5jaGVzdGVyLXVuaXRlZC1jZWx0aWMtYW5kLW5ld2Nhc3RsZS1leGl0LWVhcmx5?hl=en-ID&gl=ID&ceid=ID%3Aen,Sky Sports,No Thumbnail
How do Manchester United's current European struggles compare to 2005-06 woes?,https://news.google.com/articles/CBMimQFodHRwczovL3d3dy5iZWluc3BvcnRzLmNvbS9lbi1hdS9mb290YmFsbC9wcmVtaWVyLWxlYWd1ZS9hcnRpY2xlcy9ob3ctZG8tbWFuY2hlc3Rlci11bml0ZWRzLWN1cnJlbnQtZXVyb3BlYW4tc3RydWdnbGVzLWNvbXBhcmUtdG8tMjAwNS0wNi13b2VzLTIwMjMtMTItMTPSAQA?hl=en-ID&gl=ID&ceid=ID%3Aen,beIN SPORTS,No Thumbnail
Champions League grades: Bayern defeat puts Ten Hag on thin ice,https://news.google.com/articles/CBMidWh0dHBzOi8vd3d3LnRoZWd1YXJkaWFuLmNvbS9mb290YmFsbC8yMDIzL2RlYy8xNC9jaGFtcGlvbnMtbGVhZ3VlLWdyYWRlcy1iYXllcm4tbXVuaWNoLW1hbmNoZXN0ZXItdW5pdGVkLXNhY2stdGVuLWhhZ9IBdWh0dHBzOi8vYW1wLnRoZWd1YXJkaWFuLmNvbS9mb290YmFsbC8yMDIzL2RlYy8xNC9jaGFtcGlvbnMtbGVhZ3VlLWdyYWRlcy1iYXllcm4tbXVuaWNoLW1hbmNoZXN0ZXItdW5pdGVkLXNhY2stdGVuLWhhZw?hl=en-ID&gl=ID&ceid=ID%3Aen,The Guardian,No Thumbnail
"Global markets: US stocks up after Fed signals end of rate hikes, Apple shares at record high | Mint",https://news.google.com/articles/CBMihQFodHRwczovL3d3dy5saXZlbWludC5jb20vbWFya2V0L3N0b2NrLW1hcmtldC1uZXdzL2dsb2JhbC1tYXJrZXRzLXVzLXN0b2Nrcy11cC1hZnRlci1mZWQtc2lnbmFscy1lbmQtb2YtcmF0ZS1oaWtlcy0xMTcwMjU2NTIwNDM1My5odG1s0gGJAWh0dHBzOi8vd3d3LmxpdmVtaW50LmNvbS9tYXJrZXQvc3RvY2stbWFya2V0LW5ld3MvZ2xvYmFsLW1hcmtldHMtdXMtc3RvY2tzLXVwLWFmdGVyLWZlZC1zaWduYWxzLWVuZC1vZi1yYXRlLWhpa2VzL2FtcC0xMTcwMjU2NTIwNDM1My5odG1s?hl=en-ID&gl=ID&ceid=ID%3Aen,Mint,https://lh3.googleusercontent.com/proxy/kIxPlIAbMi4RVKLDezmis89XSmg64E-tzLqFWVyORXbtXEguIKhUfuMDpaX9XR0nJ6z_8jukxXTHvWNcRNbr8z_xJa96Ne6dps97WD8FbIuGfiXjiwuQO2e79WZVCy3zCvwnZrC4_mHip5aJCohdpQr1315yAbTsUVdsH5vjzuEkgJ-I1n7R-LH0xHjNHaFJh65gsqrpXtEISJLtzd4bbnhShIZSoQ=s0-w280-h168-dcATCQZ6qnJWYC
Dow ends at record high as Fed signals lower borrowing costs in 2024,https://news.google.com/articles/CBMiY2h0dHBzOi8vd3d3LnJldXRlcnMuY29tL21hcmtldHMvdXMvZnV0dXJlcy1lZGdlLWhpZ2hlci13aXRoLWZlZHMtZmluYWwtdmVyZGljdC15ZWFyLXRhcC0yMDIzLTEyLTEzL9IBAA?hl=en-ID&gl=ID&ceid=ID%3Aen,Reuters.com,No Thumbnail
Asian markets track Wall St to extend Fed-fuelled rally,https://news.google.com/articles/CBMiVGh0dHBzOi8vd3d3LmZveDQxeWFraW1hLmNvbS9hc2lhbi1tYXJrZXRzLXRyYWNrLXdhbGwtc3QtdG8tZXh0ZW5kLWZlZC1mdWVsbGVkLXJhbGx5L9IBAA?hl=en-ID&gl=ID&ceid=ID%3Aen,FOX 11 and FOX 41,No Thumbnail
Post-match: Jamille Matt delighted with his first goal of the season,https://news.google.com/articles/CCAiC0RNZWtFVDNqcFVJmAEB?hl=en-ID&gl=ID&ceid=ID%3Aen,Walsall FC Official,https://lh3.googleusercontent.com/proxy/nJW8-zkzarRMkDmCxyTJy-zVddihlxIxakvcn08K-chWsuNjUxB4pq3tkw0XNqPjn4YREF9pU_ii_z5inCdxbAwrQ5cyUIfjVzrogAFiIzfX96sDY75iVnZABk9wWg74vO9E5JZ5hcOGefQfU6eiy7iSGFKQlTGU8Qux8CHpKatFYUMayO1Ffclh0tzlqlLphtxiCln5rgAFJ673opH4RKRQ03b3jwxJ-gnu1i92Y8r5rbEfQFQN=s0-w280-h168-p-df
Billy Heath 'so proud' of Alfreton's players despite FA Cup exit at Walsall,https://news.google.com/articles/CBMijQFodHRwczovL3d3dy5iZWluc3BvcnRzLmNvbS9lbi1hdS9mb290YmFsbC9mYS1jdXAvYXJ0aWNsZXMvYmlsbHktaGVhdGgtc28tcHJvdWQtb2YtYWxmcmV0b25zLXBsYXllcnMtZGVzcGl0ZS1mYS1jdXAtZXhpdC1hdC13YWxzYWxsLTIwMjMtMTItMTLSAQA?hl=en-ID&gl=ID&ceid=ID%3Aen,beIN SPORTS,No Thumbnail
Jamille Matt: Walsall striker forgets frustration with FA Cup winner,https://news.google.com/articles/CBMiLWh0dHBzOi8vd3d3LmJiYy5jby51ay9zcG9ydC9mb290YmFsbC82NzcwMjk1NdIBAA?hl=en-ID&gl=ID&ceid=ID%3Aen,BBC,No Thumbnail
Mat Sadler ready for real FA Cup test,https://news.google.com/articles/CBMiamh0dHBzOi8vd3d3LmV4cHJlc3NhbmRzdGFyLmNvbS9zcG9ydC9mb290YmFsbC93YWxzYWxsLWZjLzIwMjMvMTIvMTEvbWF0LXNhZGxlci1yZWFkeS1mb3ItcmVhbC1mYS1jdXAtdGVzdC_SAQA?hl=en-ID&gl=ID&ceid=ID%3Aen,Express & Star,No Thumbnail
#AFCCup - Group H | Sabah FC (MAS) 1-3 PSM Makassar (IDN),https://news.google.com/articles/CCAiC3RpaUhjTV9Ic3hnmAEB?hl=en-ID&gl=ID&ceid=ID%3Aen,The AFC Hub,https://lh3.googleusercontent.com/proxy/IFe7_-93KvK4JNRKdr32UppoWrQn_Nubh38cWHyQIxkH7VHEDT9vz2Jh6l0YjJ5GD-1X-3_gVRIG0kRqwRjJdtX3EE-M-5unSRJxg673Ow=s0-w200-h112-p-df
Recent Match Report - NZ (W) vs Pakistan (W) 2nd ODI 2023/24,https://news.google.com/articles/CBMikgFodHRwczovL3d3dy5lc3BuY3JpY2luZm8uY29tL3Nlcmllcy9wYWtpc3Rhbi13b21lbi1pbi1uZXctemVhbGFuZC0yMDIzLTI0LTEzODgxNzYvbmV3LXplYWxhbmQtd29tZW4tdnMtcGFraXN0YW4td29tZW4tMm5kLW9kaS0xMzg4MjAwL21hdGNoLXJlcG9ydNIBAA?hl=en-ID&gl=ID&ceid=ID%3Aen,ESPNcricinfo,https://lh3.googleusercontent.com/proxy/gPVmqWO4sGG5882NgAIjpDs11wlq8Cql4t4rWSNv9zuVyWUnHdhQeORFqaC8Q92vO1dUcdPiz-tbAihVsO3HPhGUZvbHbEUU3Py7WIsp-kVdJi7R8nclUhP0sMRazSgwHvslXLzkapEz7EnK97i9VVbTWKJ5bDwxCs6ydRVjbe0IpdFnvQ=s0-w280-h168-dcrRCazpEK
Recent Match Report - NZ (W) vs Pakistan (W) 1st ODI 2023/24,https://news.google.com/articles/CBMikgFodHRwczovL3d3dy5lc3BuY3JpY2luZm8uY29tL3Nlcmllcy9wYWtpc3Rhbi13b21lbi1pbi1uZXctemVhbGFuZC0yMDIzLTI0LTEzODgxNzYvbmV3LXplYWxhbmQtd29tZW4tdnMtcGFraXN0YW4td29tZW4tMXN0LW9kaS0xMzg4MTk5L21hdGNoLXJlcG9ydNIBAA?hl=en-ID&gl=ID&ceid=ID%3Aen,ESPNcricinfo,No Thumbnail
New Zealand Women vs Pakistan Women Live Score: New Zealand Women beat Pakistan Women by 1 wicket,https://news.google.com/articles/CBMivQFodHRwczovL3d3dy5oaW5kdXN0YW50aW1lcy5jb20vY3JpY2tldC9uZXctemVhbGFuZC13b21lbi12cy1wYWtpc3Rhbi13b21lbi1saXZlLXNjb3JlLTJuZC1vZGktb2YtcGFraXN0YW4td29tZW4tdG91ci1vZi1uZXctemVhbGFuZC0yMDIzLWZpbmFsLXVwZGF0ZXMtdG9kYXktMTUtZGVjLTIwMjMtMTAxNzAyNTk4MzU1NDQxLmh0bWzSAQA?hl=en-ID&gl=ID&ceid=ID%3Aen,Hindustan Times,No Thumbnail
Suzie Bates leads White Ferns to Pakistan drubbing in series opener,https://news.google.com/articles/CBMic2h0dHBzOi8vd3d3LnN0dWZmLmNvLm56L3Nwb3J0L2NyaWNrZXQvMzAxMDI1MjgxL3N1emllLWJhdGVzLWxlYWRzLXdoaXRlLWZlcm5zLXRvLXBha2lzdGFuLWRydWJiaW5nLWluLXNlcmllcy1vcGVuZXLSAQA?hl=en-ID&gl=ID&ceid=ID%3Aen,Stuff.co.nz,No Thumbnail
IMF Executive Board Concludes 2023 Article IV Consultation with the Philippines,https://news.google.com/articles/CBMicGh0dHBzOi8vd3d3LmltZi5vcmcvZW4vTmV3cy9BcnRpY2xlcy8yMDIzLzEyLzE0L3ByMjM0NDktcGhpbGlwcGluZXMtaW1mLWV4ZWMtYm9hcmQtY29uY2x1ZGVzLTIwMjMtYXJ0LWl2LWNvbnN1bHTSAQA?hl=en-ID&gl=ID&ceid=ID%3Aen,International Monetary Fund,No Thumbnail
"Arijit Singh recalls partying with Kapil Sharma in Australia, trashed someone elseâ€™s hotel room: â€˜It was like a dustbin by the endâ€™",https://news.google.com/articles/CBMimAFodHRwczovL2luZGlhbmV4cHJlc3MuY29tL2FydGljbGUvZW50ZXJ0YWlubWVudC9ib2xseXdvb2QvYXJpaml0LXNpbmdoLXBhcnR5aW5nLXdpdGgta2FwaWwtc2hhcm1hLWluLWF1c3RyYWxpYS10cmFzaGVkLXNvbWVvbmUtZWxzZXMtaG90ZWwtcm9vbS05MDY5Mjk1L9IBnQFodHRwczovL2luZGlhbmV4cHJlc3MuY29tL2FydGljbGUvZW50ZXJ0YWlubWVudC9ib2xseXdvb2QvYXJpaml0LXNpbmdoLXBhcnR5aW5nLXdpdGgta2FwaWwtc2hhcm1hLWluLWF1c3RyYWxpYS10cmFzaGVkLXNvbWVvbmUtZWxzZXMtaG90ZWwtcm9vbS05MDY5Mjk1L2xpdGUv?hl=en-ID&gl=ID&ceid=ID%3Aen,The Indian Express,https://lh3.googleusercontent.com/proxy/rssLkZm7-pKa22zBWZkNmODSZLWuBinCK1WhmDJUJvfOU0qqG0yiHPC948PijTw8Wsq1MLgrOwbpmNQ2LbuEuVk6tOygbumBz2HYBRzR2YVhbVuf=s0-w200-h112-dcsVKOEikH
Poland: Country Health Profile 2023,https://news.google.com/articles/CBMiV2h0dHBzOi8vZXVyb2hlYWx0aG9ic2VydmF0b3J5Lndoby5pbnQvcHVibGljYXRpb25zL20vcG9sYW5kLWNvdW50cnktaGVhbHRoLXByb2ZpbGUtMjAyM9IBAA?hl=en-ID&gl=ID&ceid=ID%3Aen,European Observatory on Health Systems and Policies,https://lh3.googleusercontent.com/proxy/-aVdB-8-go02MPb3TfPazOyh8KZ7EEFyt_oQJ4DxeLb2-XlXaNjdTaCAmlPhe25UZmINkzZ9sxjAtOQrXOUQUgkD9AUK3fUo3tTFZjodMlYB4rbYmvR1b_lPfEVYI16MDsdMEl2QzI9DpiOzdobYc9qExR50mL0OPxAO2WjJgbFmxthVmV2YvAibRKK_6vE-CJqGidhvN-48HkE3qt_aU5aO_C1Hdc39CZBfCHCrGF69oLwkHRS3TWMQ0mzOE9M=s0-w200-h112-dcjVGUUTEI
"Sterling and Wilson Renewable Energy raises â‚¹1,500 crore via QIP | Mint",https://news.google.com/articles/CBMifmh0dHBzOi8vd3d3LmxpdmVtaW50LmNvbS9jb21wYW5pZXMvbmV3cy9zdGVybGluZy1hbmQtd2lsc29uLXJlbmV3YWJsZS1lbmVyZ3ktcmFpc2VzLXJzLTEtNTAwLWNyb3JlLXZpYS1xaXAtMTE3MDI2MjIxOTk4NTYuaHRtbNIBggFodHRwczovL3d3dy5saXZlbWludC5jb20vY29tcGFuaWVzL25ld3Mvc3RlcmxpbmctYW5kLXdpbHNvbi1yZW5ld2FibGUtZW5lcmd5LXJhaXNlcy1ycy0xLTUwMC1jcm9yZS12aWEtcWlwL2FtcC0xMTcwMjYyMjE5OTg1Ni5odG1s?hl=en-ID&gl=ID&ceid=ID%3Aen,Mint,https://lh3.googleusercontent.com/proxy/rcpnLwTCsV8fFn_EHG2tqrUqjIUg-sVmFE-ejFE1RpJxZ47kgeylxanz4lIDW6J_4M1V8EOZi_aEbZuQIFOBwJuWn80XkJ9BeESfXwpM_JLT5ANBeldKC1tmF0rCJpY4cWvjVeiPXyleMq0rk2iMUGsMBhqFiRXjuAxFMTO39Ev852LmggBnaFmPvLx1TuUdMepKrjnC_Fem3F3s6EiLhhL8k2hJXoCarkvdQWgmqLt9-XK8=s0-w280-h168-dcATCK4BoI
"CNBC-TV18 newsbreak confirmed: Sterling & Wilson launches QIP, floor price set at â‚¹365.02 per share",https://news.google.com/articles/CBMikQFodHRwczovL3d3dy5jbmJjdHYxOC5jb20vbWFya2V0L3N0b2Nrcy9jbmJjLXR2MTgtbmV3c2JyZWFrLWNvbmZpcm1lZC1zdGVybGluZy13aWxzb24tbGF1bmNoZXMtcWlwLWZsb29yLXByaWNlLXNldC1hdC0zNjUwMi1wZXItc2hhcmUtMTg1NDE1NzEuaHRt0gGVAWh0dHBzOi8vd3d3LmNuYmN0djE4LmNvbS9tYXJrZXQvc3RvY2tzL2NuYmMtdHYxOC1uZXdzYnJlYWstY29uZmlybWVkLXN0ZXJsaW5nLXdpbHNvbi1sYXVuY2hlcy1xaXAtZmxvb3ItcHJpY2Utc2V0LWF0LTM2NTAyLXBlci1zaGFyZS0xODU0MTU3MS5odG0vYW1w?hl=en-ID&gl=ID&ceid=ID%3Aen,CNBCTV18,No Thumbnail
"Sterling & Wilson Raises Rs 1,500 Crore Through QIP, Stock Hits Two-Year High",https://news.google.com/articles/CBMic2h0dHBzOi8vd3d3Lm5kdHZwcm9maXQuY29tL2J1enppbmctc3RvY2tzL3N0ZXJsaW5nLXdpbHNvbi1yYWlzZXMtcnMtMTUwMC1jcm9yZS10aHJvdWdoLXFpcC1zdG9jay1oaXRzLXR3by15ZWFyLWhpZ2jSAXdodHRwczovL3d3dy5uZHR2cHJvZml0LmNvbS9hbXAvYnV6emluZy1zdG9ja3Mvc3Rlcmxpbmctd2lsc29uLXJhaXNlcy1ycy0xNTAwLWNyb3JlLXRocm91Z2gtcWlwLXN0b2NrLWhpdHMtdHdvLXllYXItaGlnaA?hl=en-ID&gl=ID&ceid=ID%3Aen,NDTV Profit,No Thumbnail
Sterling & Wilson Renewable Energy Ploughs INR 1500 Cr via QIP Route,https://news.google.com/articles/CBMib2h0dHBzOi8vd3d3LnNhdXJlbmVyZ3kuY29tL3NvbGFyLWVuZXJneS1uZXdzL3N0ZXJsaW5nLXdpbHNvbi1yZW5ld2FibGUtZW5lcmd5LXBsb3VnaHMtaW5yLTE1MDAtY3ItdmlhLXFpcC1yb3V0ZdIBAA?hl=en-ID&gl=ID&ceid=ID%3Aen,Saurenergy,No Thumbnail
China reports fastest industrial expansion in nearly 2 years; retail sales growth misses estimates,https://news.google.com/articles/CBMiYGh0dHBzOi8vd3d3LmNuYmMuY29tLzIwMjMvMTIvMTUvY2hpbmEtZGF0YS1pbmR1c3RyaWFsLW91dHB1dC1hdC1oaWdoZXN0LWluLW5lYXJseS10d28teWVhcnMuaHRtbNIBZGh0dHBzOi8vd3d3LmNuYmMuY29tL2FtcC8yMDIzLzEyLzE1L2NoaW5hLWRhdGEtaW5kdXN0cmlhbC1vdXRwdXQtYXQtaGlnaGVzdC1pbi1uZWFybHktdHdvLXllYXJzLmh0bWw?hl=en-ID&gl=ID&ceid=ID%3Aen,CNBC,https://lh3.googleusercontent.com/proxy/Z0UoPhQDmGBQI_Wa6_04NX-dLJIOhHnMSK5ttmnpmR6B5EWccmZ-MVd-psx28XPhPX8ZmiBcTxUmckLhk9F7os9CDiU2ELPngoXECocLKGx0v1iaC7KqEDvkZhyNyqr_sZOim8STDI2Ml28_l8ZyLHQqO_DGLIYSf7r6-PSVYpIJ1Uz90iZIWqHyiRdiazwuk8lT3VqqJJvc=s0-w280-h168-dcAaCIMTkG
China's Gloomy Economic Data Paints 'Dire' Growth Picture,https://news.google.com/articles/CBMicGh0dHBzOi8vd3d3LmJsb29tYmVyZy5jb20vbmV3cy9hcnRpY2xlcy8yMDIzLTEyLTE1L2NoaW5hLXMtbWl4ZWQtZWNvbm9taWMtZGF0YS11bmxpa2VseS10by1xdWFzaC1ncm93dGgtY29uY2VybnPSAQA?hl=en-ID&gl=ID&ceid=ID%3Aen,Bloomberg,No Thumbnail
"China's economy shows signs of growth on higher output, retail sales",https://news.google.com/articles/CBMiY2h0dHBzOi8vYXNpYS5uaWtrZWkuY29tL0Vjb25vbXkvQ2hpbmEtcy1lY29ub215LXNob3dzLXNpZ25zLW9mLWdyb3d0aC1vbi1oaWdoZXItb3V0cHV0LXJldGFpbC1zYWxlc9IBAA?hl=en-ID&gl=ID&ceid=ID%3Aen,Nikkei Asia,No Thumbnail
"Beijing is trying hard to ward off a slowdown, but data continues to disappoint",https://news.google.com/articles/CBMicmh0dHBzOi8vd3d3LndpY3ouY29tL3N0b3J5LzUwMjI4NjM0L2JlaWppbmctaXMtdHJ5aW5nLWhhcmQtdG8td2FyZC1vZmYtYS1zbG93ZG93bi1idXQtZGF0YS1jb250aW51ZXMtdG8tZGlzYXBwb2ludNIBAA?hl=en-ID&gl=ID&ceid=ID%3Aen,WICZ,No Thumbnail
"BTS' Jungkook, Usher drop music video for 'Standing Next to You' remix",https://news.google.com/articles/CBMiYGh0dHBzOi8vd3d3Lm5tZS5jb20vbmV3cy9tdXNpYy9idHMtanVuZ2tvb2stdXNoZXItbXVzaWMtdmlkZW8tc3RhbmRpbmctbmV4dC10by15b3UtcmVtaXgtMzU1OTQwONIBAA?hl=en-ID&gl=ID&ceid=ID%3Aen,NME,https://lh3.googleusercontent.com/proxy/rD7T3GRfns3xbkmwE7K3SswawnY-ZDKPoTa6nwaSjMnmmGvjaS2OZfTc2HyoHuT2zf7VTmORVWeLxzn5JP4ExOsNoMagiVZv7ZTj-z-1PKZsGGkbH3xTptrad1CtVkaUMDdY1HDzzBoADFMRaeJ-0ZZFYhxUwiADfS60Rawdl6Q=s0-w280-h168-dcjSGg1RSqscUC
Jungkook & Usher take off in 'Standing Next to You' (Usher Remix) performance video,https://news.google.com/articles/CBMic2h0dHBzOi8vd3d3LmFsbGtwb3AuY29tL3ZpZGVvLzIwMjMvMTIvanVuZ2tvb2stdXNoZXItdGFrZS1vZmYtaW4tc3RhbmRpbmctbmV4dC10by15b3UtdXNoZXItcmVtaXgtcGVyZm9ybWFuY2UtdmlkZW_SAQA?hl=en-ID&gl=ID&ceid=ID%3Aen,allkpop,No Thumbnail
"Jung Kook, Usher Team Up in Collaborative Performance Video for â€˜Standing Next to Youâ€™ Remix",https://news.google.com/articles/CBMidmh0dHBzOi8vd3d3LnJvbGxpbmdzdG9uZS5jb20vbXVzaWMvbXVzaWMtbmV3cy9qdW5nLWtvb2stdXNoZXItc3RhbmRpbmctbmV4dC10by15b3UtcmVtaXgtcGVyZm9ybWFuY2UtdmlkZW8tMTIzNDkyOTYzMC_SAXpodHRwczovL3d3dy5yb2xsaW5nc3RvbmUuY29tL211c2ljL211c2ljLW5ld3MvanVuZy1rb29rLXVzaGVyLXN0YW5kaW5nLW5leHQtdG8teW91LXJlbWl4LXBlcmZvcm1hbmNlLXZpZGVvLTEyMzQ5Mjk2MzAvYW1wLw?hl=en-ID&gl=ID&ceid=ID%3Aen,Rolling Stone,No Thumbnail
Jungkook and Usher unveil 'Standing Next to You (Usher Remix)' performance video â€“ watch,https://news.google.com/articles/CBMidmh0dHBzOi8vd3d3LmJhbmR3YWdvbi5hc2lhL2FydGljbGVzL2p1bmdrb29rLWFuZC11c2hlci11bnZlaWwtc3RhbmRpbmctbmV4dC10by15b3UtdXNoZXItcmVtaXgtcGVyZm9ybWFuY2UtdmlkZW8td2F0Y2jSAQA?hl=en-ID&gl=ID&ceid=ID%3Aen,Bandwagon,No Thumbnail
Newly engaged Tammy Hembrow and Matt Zukowski lead the celebrity arrivals at White Fox party in Sydney,https://news.google.com/articles/CBMicGh0dHBzOi8vd3d3LmRhaWx5bWFpbC5jby51ay90dnNob3diaXovYXJ0aWNsZS0xMjg2NjY5MS9FbmdhZ2VkLVRhbW15LUhlbWJyb3ctTWF0dC1adWtvd3NraS1XaGl0ZS1Gb3gtU3lkbmV5Lmh0bWzSAQA?hl=en-ID&gl=ID&ceid=ID%3Aen,Daily Mail,https://lh3.googleusercontent.com/proxy/9j3EJtBM-rmj6BCiZ0UmKcwbOmt4XADm-GbMlLhF-oKksBQ52sI2-khkKpOvzh6SNg8oRjFdY5jQomvw7SerERXGDDhti_b2CCoXHw3thpvb5adBMHwHw0EdEITjjB161ioyT9ySr83HcMRK=s0-w280-h168-dcqVOIjqUG
Tammy Hembrow engaged to new boyfriend,https://news.google.com/articles/CBMiowFodHRwczovL3d3dy5uZXdzLmNvbS5hdS9saWZlc3R5bGUvcmVsYXRpb25zaGlwcy9tYXJyaWFnZS9wbG90LXR3aXN0LXRhbW15LWhlbWJyb3ctYW5ub3VuY2VzLWVuZ2FnZW1lbnQtdG8tbWF0dC16dWtvd3NraS9uZXdzLXN0b3J5LzMzMDlmOGY4MmYyNmRiY2IyMTIwNTEyOTU1YmY3NmJi0gEA?hl=en-ID&gl=ID&ceid=ID%3Aen,news.com.au,No Thumbnail
The heartbreaking truth behind Tammy Hembrow's engagement to Love Island Australia star Matt Zukowski,https://news.google.com/articles/CBMilgFodHRwczovL3d3dy5kYWlseW1haWwuY28udWsvdHZzaG93Yml6L2FydGljbGUtMTI4NDg4NTcvVGhlLWhlYXJ0YnJlYWtpbmctdHJ1dGgtVGFtbXktSGVtYnJvd3MtZW5nYWdlbWVudC1Mb3ZlLUlzbGFuZC1BdXN0cmFsaWEtc3Rhci1NYXR0LVp1a293c2tpLmh0bWzSAZoBaHR0cHM6Ly93d3cuZGFpbHltYWlsLmNvLnVrL3R2c2hvd2Jpei9hcnRpY2xlLTEyODQ4ODU3L2FtcC9UaGUtaGVhcnRicmVha2luZy10cnV0aC1UYW1teS1IZW1icm93cy1lbmdhZ2VtZW50LUxvdmUtSXNsYW5kLUF1c3RyYWxpYS1zdGFyLU1hdHQtWnVrb3dza2kuaHRtbA?hl=en-ID&gl=ID&ceid=ID%3Aen,Daily Mail,No Thumbnail
"Adani Ports plans to raise â‚¹10 billion through bond sale, first since 2021 | Mint",https://news.google.com/articles/CBMihwFodHRwczovL3d3dy5saXZlbWludC5jb20vY29tcGFuaWVzL25ld3MvYWRhbmktcG9ydHMtcGxhbnMtdG8tcmFpc2UtcnMtMTAtYmlsbGlvbi10aHJvdWdoLWJvbmQtc2FsZS1maXJzdC1zaW5jZS0yMDIxLTExNzAyNjA3NDQwMjYzLmh0bWzSAYsBaHR0cHM6Ly93d3cubGl2ZW1pbnQuY29tL2NvbXBhbmllcy9uZXdzL2FkYW5pLXBvcnRzLXBsYW5zLXRvLXJhaXNlLXJzLTEwLWJpbGxpb24tdGhyb3VnaC1ib25kLXNhbGUtZmlyc3Qtc2luY2UtMjAyMS9hbXAtMTE3MDI2MDc0NDAyNjMuaHRtbA?hl=en-ID&gl=ID&ceid=ID%3Aen,Mint,https://lh3.googleusercontent.com/proxy/2r1095Q-D9NU6zGCmi8bwnyPIF28kC3IvHOi8vb1DcKc7ZhSu-qp8-QvD_SiKmPGDsN1cKKzkn46zKo_hGFtcr8Ck_dhAxFoajTQ0yfUH_EfxTLrF5hNQ2vmPEc9_ct57ObdmF_bytBuxkYnobIhbkFiAQoNOKfbdJ2PDC_ZnCvBVAzXl7l32gN8AARIttDnfO42DdsX2Gz9ze2YkMf49hAzYeBgyg=s0-w280-h168-dcKUaY7CEJ
Adani Ports gets board nod to raise up to Rs 5250 crore via NCDs,https://news.google.com/articles/CBMifGh0dHBzOi8vd3d3LmZpbmFuY2lhbGV4cHJlc3MuY29tL2J1c2luZXNzL2luZHVzdHJ5LWFkYW5pLXBvcnRzLWdldHMtYm9hcmQtbm9kLXRvLXJhaXNlLXVwLXRvLXJzLTUyNTAtY3JvcmUtdmlhLW5jZHMtMzMzNjc3Mi_SAQA?hl=en-ID&gl=ID&ceid=ID%3Aen,The Financial Express,No Thumbnail
Adani Ports Mulls Up to 10 Billion Rupees Debt Issue by March,https://news.google.com/articles/CBMiUWh0dHBzOi8vd3d3Lm1hcml0aW1lcHJvZmVzc2lvbmFsLmNvbS9uZXdzL2FkYW5pLXBvcnRzLW11bGxzLWJpbGxpb24tcnVwZWVzLTM5MDEwNNIBVWh0dHBzOi8vd3d3Lm1hcml0aW1lcHJvZmVzc2lvbmFsLmNvbS9hbXAvbmV3cy9hZGFuaS1wb3J0cy1tdWxscy1iaWxsaW9uLXJ1cGVlcy0zOTAxMDQ?hl=en-ID&gl=ID&ceid=ID%3Aen,Maritime Logistics,No Thumbnail
Adani Ports To Consider Raising Funds Via NCDs On Dec. 12,https://news.google.com/articles/CBMiXGh0dHBzOi8vd3d3Lm5kdHZwcm9maXQuY29tL2J1c2luZXNzL2FkYW5pLXBvcnRzLXRvLWNvbnNpZGVyLXJhaXNpbmctZnVuZHMtdmlhLW5jZHMtb24tZGVjLTEy0gFgaHR0cHM6Ly93d3cubmR0dnByb2ZpdC5jb20vYW1wL2J1c2luZXNzL2FkYW5pLXBvcnRzLXRvLWNvbnNpZGVyLXJhaXNpbmctZnVuZHMtdmlhLW5jZHMtb24tZGVjLTEy?hl=en-ID&gl=ID&ceid=ID%3Aen,NDTV Profit,No Thumbnail
Press statement by the President of the European Council Charles Michel,https://news.google.com/articles/CBMiiwFodHRwczovL3d3dy5jb25zaWxpdW0uZXVyb3BhLmV1L2VuL3ByZXNzL3ByZXNzLXJlbGVhc2VzLzIwMjMvMTIvMTUvcHJlc3Mtc3RhdGVtZW50LWJ5LXRoZS1wcmVzaWRlbnQtb2YtdGhlLWV1cm9wZWFuLWNvdW5jaWwtY2hhcmxlcy1taWNoZWwv0gEA?hl=en-ID&gl=ID&ceid=ID%3Aen,PrÃ©sidence franÃ§aise du Conseil de l'Union europÃ©enne 2022,No Thumbnail
Hungary blocks Ukraine aid deal but EU opens door to membership talks,https://news.google.com/articles/CBMiWGh0dHBzOi8vd3d3LmNubi5jb20vMjAyMy8xMi8xNC9ldXJvcGUvZXUtY291bmNpbC1hY2Nlc3Npb24tdGFsa3MtdWtyYWluZS1pbnRsL2luZGV4Lmh0bWzSAQA?hl=en-ID&gl=ID&ceid=ID%3Aen,CNN,No Thumbnail
Zelenskyy claims â€˜victoryâ€™ as EU agrees to open Ukraine membership talks,https://news.google.com/articles/CBMic2h0dHBzOi8vd3d3LmFsamF6ZWVyYS5jb20vbmV3cy8yMDIzLzEyLzE0L3plbGVuc2t5eS1oYWlscy12aWN0b3J5LWFzLWV1LWFncmVlcy10by1vcGVuLW1lbWJlcnNoaXAtdGFsa3MtZm9yLXVrcmFpbmXSAXdodHRwczovL3d3dy5hbGphemVlcmEuY29tL2FtcC9uZXdzLzIwMjMvMTIvMTQvemVsZW5za3l5LWhhaWxzLXZpY3RvcnktYXMtZXUtYWdyZWVzLXRvLW9wZW4tbWVtYmVyc2hpcC10YWxrcy1mb3ItdWtyYWluZQ?hl=en-ID&gl=ID&ceid=ID%3Aen,Al Jazeera English,No Thumbnail
EU leaders fail to agree on a â‚¬50 billion aid package for Ukraine and on renegotiation of EU budget,https://news.google.com/articles/CBMiZWh0dHBzOi8vd3d3LmNuYmMuY29tLzIwMjMvMTIvMTUvZXUtbGVhZGVycy1mYWlsLXRvLWFncmVlLW9uLWEtNTAtYmlsbGlvbi1haWQtcGFja2FnZS1mb3ItdWtyYWluZS5odG1s0gFpaHR0cHM6Ly93d3cuY25iYy5jb20vYW1wLzIwMjMvMTIvMTUvZXUtbGVhZGVycy1mYWlsLXRvLWFncmVlLW9uLWEtNTAtYmlsbGlvbi1haWQtcGFja2FnZS1mb3ItdWtyYWluZS5odG1s?hl=en-ID&gl=ID&ceid=ID%3Aen,CNBC,No Thumbnail
Cipla hikes stake in digital tech company GoApptiv,https://news.google.com/articles/CBMibmh0dHBzOi8vd3d3LmxpdmVtaW50LmNvbS9jb21wYW5pZXMvbmV3cy9jaXBsYS1oaWtlcy1zdGFrZS1pbi1kaWdpdGFsLXRlY2gtY29tcGFueS1nb2FwcHRpdi0xMTcwMjYwODgzMzA1NC5odG1s0gEA?hl=en-ID&gl=ID&ceid=ID%3Aen,Mint,No Thumbnail
Cipla Invests Rs 42 Crore In GoApptiv,https://news.google.com/articles/CBMiSWh0dHBzOi8vd3d3Lm5kdHZwcm9maXQuY29tL2J1c2luZXNzL2NpcGxhLWludmVzdHMtcnMtNDItY3JvcmUtaW4tZ29hcHB0aXbSAU1odHRwczovL3d3dy5uZHR2cHJvZml0LmNvbS9hbXAvYnVzaW5lc3MvY2lwbGEtaW52ZXN0cy1ycy00Mi1jcm9yZS1pbi1nb2FwcHRpdg?hl=en-ID&gl=ID&ceid=ID%3Aen,NDTV Profit,No Thumbnail
Cipla invests Rs 42 cr in GoApptiv,https://news.google.com/articles/CBMiWWh0dHBzOi8vd3d3LmRldmRpc2NvdXJzZS5jb20vYXJ0aWNsZS9sYXctb3JkZXIvMjc0Njk1Ny1jaXBsYS1pbnZlc3RzLXJzLTQyLWNyLWluLWdvYXBwdGl20gFdaHR0cHM6Ly93d3cuZGV2ZGlzY291cnNlLmNvbS9hcnRpY2xlL2xhdy1vcmRlci8yNzQ2OTU3LWNpcGxhLWludmVzdHMtcnMtNDItY3ItaW4tZ29hcHB0aXY_YW1w?hl=en-ID&gl=ID&ceid=ID%3Aen,Devdiscourse,No Thumbnail
"Becky G, Charlize Theron, and Kelsea Ballerini Join the â€˜RuVolutionâ€™ as Guest Judges on â€˜Drag Raceâ€™",https://news.google.com/articles/CBMihgFodHRwczovL3d3dy5yb2xsaW5nc3RvbmUuY29tL3R2LW1vdmllcy90di1tb3ZpZS1uZXdzL3J1cGF1bHMtZHJhZy1yYWNlLXNlYXNvbi1zaXh0ZWVuLWJlY2t5LWctY2hhcmxpemUtdGhlcm9uLWd1ZXN0LWp1ZGdlcy0xMjM0OTI5NTQ3L9IBigFodHRwczovL3d3dy5yb2xsaW5nc3RvbmUuY29tL3R2LW1vdmllcy90di1tb3ZpZS1uZXdzL3J1cGF1bHMtZHJhZy1yYWNlLXNlYXNvbi1zaXh0ZWVuLWJlY2t5LWctY2hhcmxpemUtdGhlcm9uLWd1ZXN0LWp1ZGdlcy0xMjM0OTI5NTQ3L2FtcC8?hl=en-ID&gl=ID&ceid=ID%3Aen,Rolling Stone,https://lh3.googleusercontent.com/proxy/gYVlRC0Z7kUiPxJ5YrgU-LFcU46Wr0Bgchj42x2pVvNjPVGuE3i2OjXoYTDHaErPxuEni8-03cM7DpdvlcO-9L8sKZSnCgMqU9nxXVTLf6yETK6eczGeoJX2tM1VPKiaYFVAAX1b7NcUHdL-5A=s0-w280-h168-p-df
"Becky G, Charlize Theron & More Set to Work the Judgesâ€™ Panel of â€˜RuPaulâ€™s Drag Raceâ€™ Season 16",https://news.google.com/articles/CBMiXWh0dHBzOi8vd3d3LmJpbGxib2FyZC5jb20vY3VsdHVyZS90di1maWxtL2RyYWctcmFjZS1iZWNreS1nLWljb25hLXBvcC1ndWVzdC1qdWRnZS0xMjM1NTU1Nzg3L9IBYWh0dHBzOi8vd3d3LmJpbGxib2FyZC5jb20vY3VsdHVyZS90di1maWxtL2RyYWctcmFjZS1iZWNreS1nLWljb25hLXBvcC1ndWVzdC1qdWRnZS0xMjM1NTU1Nzg3L2FtcC8?hl=en-ID&gl=ID&ceid=ID%3Aen,Billboard,No Thumbnail
RIGHT NOW WITH RUSSELL: Wright State grad to compete on upcoming 'Drag Race',https://news.google.com/articles/CBMiiQFodHRwczovL3d3dy5kYXl0b24uY29tL3doYXQtdG8ta25vdy9yaWdodC1ub3ctd2l0aC1ydXNzZWxsLXdyaWdodC1zdGF0ZS1ncmFkLXRvLWNvbXBldGUtb24tdXBjb21pbmctZHJhZy1yYWNlL1lINDZKV1M2T1pCSlpLNjNJVkpUWEhVVkJBL9IBAA?hl=en-ID&gl=ID&ceid=ID%3Aen,dayton.com,No Thumbnail
"#DragRace Season 16 Trailer Features 14 Queens, Law Roach",https://news.google.com/articles/CBMiTGh0dHBzOi8vYm9zc2lwLmNvbS8yNTY2NDI2L3J1cGF1bHMtZHJhZy1yYWNlLXNlYXNvbi0xNi10cmFpbGVyLWd1ZXN0LWp1ZGdlcy_SAQA?hl=en-ID&gl=ID&ceid=ID%3Aen,Bossip,No Thumbnail
NASA video tells the tale of the missing space tomatoes,https://news.google.com/articles/CBMiXGh0dHBzOi8vd3d3LmRpZ2l0YWx0cmVuZHMuY29tL3NwYWNlL25hc2EtdmlkZW8tdGVsbHMtdGhlLXRhbGUtb2YtdGhlLW1pc3Npbmctc3BhY2UtdG9tYXRvZXMv0gFgaHR0cHM6Ly93d3cuZGlnaXRhbHRyZW5kcy5jb20vc3BhY2UvbmFzYS12aWRlby10ZWxscy10aGUtdGFsZS1vZi10aGUtbWlzc2luZy1zcGFjZS10b21hdG9lcy8_YW1w?hl=en-ID&gl=ID&ceid=ID%3Aen,Digital Trends,https://lh3.googleusercontent.com/proxy/ZpxfeECjGQq3FMirytA3Zf_u0zJiyNmbipxgTlVl_PhBG4ujxoowFdML-lh1TOcWTY0WIm2OKndIovOHsDyiRlt6s5XtTUnxSjQwz4lw6Kx5B54rVa9rHruYV6WTGjx6ToFhD0ieQ4UpDdgR8c-nvsinJ3icA68i9wF7mP-YqU9bJw=s0-w280-h168-dcKTOaLh0J
ISS astronauts find tomato that was lost in space for 8 months (video),https://news.google.com/articles/CBMiT2h0dHBzOi8vd3d3LnNwYWNlLmNvbS9pbnRlcm5hdGlvbmFsLXNwYWNlLXN0YXRpb24tbG9zdC10b21hdG8tZnJhbmstcnViaW8tZm91bmTSAQA?hl=en-ID&gl=ID&ceid=ID%3Aen,Space.com,No Thumbnail
Science news this week: Space tomatoes and sacred baboons,https://news.google.com/articles/CBMiW2h0dHBzOi8vd3d3LmxpdmVzY2llbmNlLmNvbS9oZWFsdGgvc2NpZW5jZS1uZXdzLXRoaXMtd2Vlay1zcGFjZS10b21hdG9lcy1hbmQtc2FjcmVkLWJhYm9vbnPSAQA?hl=en-ID&gl=ID&ceid=ID%3Aen,Livescience.com,No Thumbnail
NASA: Let's Ketchup on International Space Station Tomato Research,https://news.google.com/articles/CBMiZ2h0dHBzOi8vd3d3Lm5hc2EuZ292L21pc3Npb25zL3N0YXRpb24vbmFzYS1sZXRzLWtldGNodXAtb24taW50ZXJuYXRpb25hbC1zcGFjZS1zdGF0aW9uLXRvbWF0by1yZXNlYXJjaC_SAQA?hl=en-ID&gl=ID&ceid=ID%3Aen,NASA,No Thumbnail
Car Seat Headrest: Faces from the Masquerade â€“ Live album captures an exceedingly tight band with memorable tunes,https://news.google.com/articles/CBMiqgFodHRwczovL3d3dy5pcmlzaHRpbWVzLmNvbS9jdWx0dXJlL211c2ljL3Jldmlldy8yMDIzLzEyLzE1L2Nhci1zZWF0LWhlYWRyZXN0LWZhY2VzLWZyb20tdGhlLW1hc3F1ZXJhZGUtbGl2ZS1hbGJ1bS1jYXB0dXJlcy1hbi1leGNlZWRpbmdseS10aWdodC1iYW5kLXdpdGgtbWVtb3JhYmxlLXR1bmVzL9IBAA?hl=en-ID&gl=ID&ceid=ID%3Aen,The Irish Times,https://lh3.googleusercontent.com/proxy/_nbTRqx_by7Jblach1uWXqn9CYuaCNFL2dhBip91UK9WdpFz9acfn_uI9di-3W35S2edyhii8XL5OjA9o7fCcJ053xe6faMWKowR4v1Sk2Nmvt9aYnF8_7WkPw4X5nEdHB78P-71GyrOT7E1NnC7MYehXz_jQoJnd5FWgi9o7VEQK6LoVt36_GZEkYY1jO48XwGLFtMIJcoYnbJU7Rm8U2zEj_0had6Nc4CRuOcUpa3Md_5wRiw82IBjlDwfYNNFuCZHrWP13zA0l4_WrwxB-dQcTmtgNnvmunAMZJs6nHT9=s0-w200-h112-dcgQCI5RQI
Doja Cat on Inspo Behind â€˜Scarletâ€™ Track â€˜F-ck the Girlsâ€™: â€˜Me Saying F-ck Stan Twitterâ€™,https://news.google.com/articles/CBMiZmh0dHBzOi8vd3d3LnJvbGxpbmdzdG9uZS5jb20vbXVzaWMvbXVzaWMtbmV3cy9kb2phLWNhdC1zY2FybGV0LWZ1Y2stdGhlLWdpcmxzLXN0YW4tdHdpdHRlci0xMjM0OTI5NDg0L9IBamh0dHBzOi8vd3d3LnJvbGxpbmdzdG9uZS5jb20vbXVzaWMvbXVzaWMtbmV3cy9kb2phLWNhdC1zY2FybGV0LWZ1Y2stdGhlLWdpcmxzLXN0YW4tdHdpdHRlci0xMjM0OTI5NDg0L2FtcC8?hl=en-ID&gl=ID&ceid=ID%3Aen,Rolling Stone,https://lh3.googleusercontent.com/proxy/IGqs19QsNGE9RoxJ6srZtuY7dpsznOYlokEbtXSBDtPvU2JecauICNiAJwoPl973hoFtj6eoaS1P9KTxnk3vIkWWB2b_vY-IZdk90YcZJHP2eofBZkTA2MvMTs5m6q8_Soqo3Dd6KRaDvPeugQ=s0-w280-h168-dcqUKUcKEI
Doja Cat 'Never Said' She Hates Her Fans: 'Really Big Misquoted Thing',https://news.google.com/articles/CBMiV2h0dHBzOi8vcGVvcGxlLmNvbS9kb2phLWNhdC1pbnNpc3RzLW5ldmVyLXNhaWQtc2hlLWhhdGVzLWhlci1mYW5zLXdhcy1taXNxdW90ZWQtODQxNjQ2MdIBAA?hl=en-ID&gl=ID&ceid=ID%3Aen,PEOPLE,No Thumbnail
Doja Cat defends herself against her â€˜I hate my fansâ€™ controversy,https://news.google.com/articles/CBMiaWh0dHBzOi8vd3d3LnRoZW5ld3MuY29tLnBrL2xhdGVzdC8xMTM4NDczLWRvamEtY2F0LWRlZmVuZHMtaGVyc2VsZi1hZ2FpbnN0LWhlci1pLWhhdGUtbXktZmFucy1jb250cm92ZXJzedIBZmh0dHBzOi8vd3d3LnRoZW5ld3MuY29tLnBrL2FtcC8xMTM4NDczLWRvamEtY2F0LWRlZmVuZHMtaGVyc2VsZi1hZ2FpbnN0LWhlci1pLWhhdGUtbXktZmFucy1jb250cm92ZXJzeQ?hl=en-ID&gl=ID&ceid=ID%3Aen,The News International,No Thumbnail
Doja Cat insists she doesn't 'hate' her fans after ripping their support: I was 'misquoted',https://news.google.com/articles/CBMic2h0dHBzOi8vcGFnZXNpeC5jb20vMjAyMy8xMi8xNC9lbnRlcnRhaW5tZW50L2RvamEtY2F0LWluc2lzdHMtc2hlLWRvZXNudC1oYXRlLWhlci1mYW5zLWFmdGVyLXJpcHBpbmctdGhlaXItc3VwcG9ydC_SAXdodHRwczovL3BhZ2VzaXguY29tLzIwMjMvMTIvMTQvZW50ZXJ0YWlubWVudC9kb2phLWNhdC1pbnNpc3RzLXNoZS1kb2VzbnQtaGF0ZS1oZXItZmFucy1hZnRlci1yaXBwaW5nLXRoZWlyLXN1cHBvcnQvYW1wLw?hl=en-ID&gl=ID&ceid=ID%3Aen,Page Six,No Thumbnail
PBOC's bold move: Injects $112 billion lifeline amid economic challenges | Mint,https://news.google.com/articles/CBMiemh0dHBzOi8vd3d3LmxpdmVtaW50LmNvbS9uZXdzL3dvcmxkL3Bib2Mtb2ZmZXJzLXJlY29yZC0xMTItYmlsbGlvbi1vZi1jYXNoLWFzLWNoaW5hcy1lY29ub215LXN0cnVnZ2xlcy0xMTcwMjYxMTU1NDI3OS5odG1s0gF-aHR0cHM6Ly93d3cubGl2ZW1pbnQuY29tL25ld3Mvd29ybGQvcGJvYy1vZmZlcnMtcmVjb3JkLTExMi1iaWxsaW9uLW9mLWNhc2gtYXMtY2hpbmFzLWVjb25vbXktc3RydWdnbGVzL2FtcC0xMTcwMjYxMTU1NDI3OS5odG1s?hl=en-ID&gl=ID&ceid=ID%3Aen,Mint,https://lh3.googleusercontent.com/proxy/UY358n8aQFh7sNuOc0Hxv4nddOsfp5l16o6BcGejtPElU5rBw-BaeLyVp1eIS7XR-MI85rH3kaqurQxQaTldZhPm36Gb-VDOdlJ06Y9qlNXx23wodDy8h2eTc-O025sbwDCxQEntb8x9hddaLxniXGft5ZdAhOQ=s0-w280-h168-dcAVCA7VED
"PBoC Keeps 1-Year MLF Interest Rate Unchanged At 2.5%, Conducts 1.45Tln Yuan, Injects Net 800Bln Yuan Via MLF, Largest Monthly Record",https://news.google.com/articles/CBMiWmh0dHBzOi8vd3d3LmZvcmV4ZmFjdG9yeS5jb20vbmV3cy8xMjU3NTQ3LXBib2Mta2VlcHMtMS15ZWFyLW1sZi1pbnRlcmVzdC1yYXRlLXVuY2hhbmdlZC1hdNIBXmh0dHBzOi8vd3d3LmZvcmV4ZmFjdG9yeS5jb20vbmV3cy8xMjU3NTQ3LXBib2Mta2VlcHMtMS15ZWFyLW1sZi1pbnRlcmVzdC1yYXRlLXVuY2hhbmdlZC1hdC9hbXA?hl=en-ID&gl=ID&ceid=ID%3Aen,Forex Factory,No Thumbnail
"Stock Market Today: Dow, S&P Live Updates for December 15",https://news.google.com/articles/CBMiWmh0dHBzOi8vd3d3LmJsb29tYmVyZy5jb20vbmV3cy9hcnRpY2xlcy8yMDIzLTEyLTE0L3N0b2NrLW1hcmtldC10b2RheS1kb3ctcy1wLWxpdmUtdXBkYXRlc9IBAA?hl=en-ID&gl=ID&ceid=ID%3Aen,Bloomberg,No Thumbnail
China's liquidity boost cheers markets with PBOC's massive fund injection,https://news.google.com/articles/CBMilQFodHRwczovL3d3dy5saXZlbWludC5jb20vZWNvbm9teS9jaGluYXMtbGlxdWlkaXR5LWJvb3N0LWNoZWVycy1tYXJrZXRzLXdpdGgtcGJvYy1zLW1hc3NpdmUtZnVuZC1pbmplY3Rpb24tZWNvbm9taXN0cy1leWUtcmF0ZS1jdXQtMTE3MDI2MjQwNjkzNDQuaHRtbNIBAA?hl=en-ID&gl=ID&ceid=ID%3Aen,Mint,No Thumbnail
Sunny Deol says he â€˜did not like certain thingsâ€™ in brother Bobby Deolâ€™s Animal: â€˜I have the right to like or not likeâ€™,https://news.google.com/articles/CBMifmh0dHBzOi8vaW5kaWFuZXhwcmVzcy5jb20vYXJ0aWNsZS9lbnRlcnRhaW5tZW50L2JvbGx5d29vZC9zdW5ueS1kZW9sLWRpZC1ub3QtbGlrZS1jZXJ0YWluLXRoaW5ncy1pbi1hbmltYWwtYm9iYnktZGVvbC05MDY5MDk4L9IBgwFodHRwczovL2luZGlhbmV4cHJlc3MuY29tL2FydGljbGUvZW50ZXJ0YWlubWVudC9ib2xseXdvb2Qvc3VubnktZGVvbC1kaWQtbm90LWxpa2UtY2VydGFpbi10aGluZ3MtaW4tYW5pbWFsLWJvYmJ5LWRlb2wtOTA2OTA5OC9saXRlLw?hl=en-ID&gl=ID&ceid=ID%3Aen,The Indian Express,https://lh3.googleusercontent.com/proxy/2qdR7rJlpAjHDp0lvpkhLLVqOzD5-cjQN4oq00rCLZay8PZJlL_BOqcGCAV2cs0QXFTY9HTjplSWyyQEzUM0BOiTBnnQGW9dvrcDT62YvR1qCfs=s0-w280-h168-dcpSSajJkJ
Sunny Deol reviews Bobby Deol's Animal: 'There are certain things that I did not like',https://news.google.com/articles/CBMingFodHRwczovL3d3dy5oaW5kdXN0YW50aW1lcy5jb20vZW50ZXJ0YWlubWVudC9ib2xseXdvb2Qvc3VubnktZGVvbC1yZXZpZXdzLWJvYmJ5LWRlb2xzLWFuaW1hbC10aGVyZS1hcmUtY2VydGFpbi10aGluZ3MtdGhhdC1pLWRpZC1ub3QtbGlrZS0xMDE3MDI2MTI5NTA0MzEuaHRtbNIBAA?hl=en-ID&gl=ID&ceid=ID%3Aen,Hindustan Times,No Thumbnail
"Animal: Sunny Deol Opens Up On Bobby Deol And Ranbir Kapoorâ€™s Film, Says â€˜I Did Not Like Certainâ€¦â€™",https://news.google.com/articles/CBMicmh0dHBzOi8vd3d3Lm5ld3MxOC5jb20vbW92aWVzL2FuaW1hbC1ib2JieS1kZW9sLXN1bm55LWRlb2wtcmVhY3Rpb24tcmFuYmlyLWthcG9vci1zYW5kZWVwLXJlZGR5LXZhbmdhLTg3MDQzNzguaHRtbNIBAA?hl=en-ID&gl=ID&ceid=ID%3Aen,News18,No Thumbnail
Animal: Sunny Deol finally reviews brother Bobby Deol's new movie; 'I did not like...',https://news.google.com/articles/CBMilAFodHRwczovL3d3dy5ib2xseXdvb2RsaWZlLmNvbS9uZXdzLWdvc3NpcC9hbmltYWwtc3VubnktZGVvbC1maW5hbGx5LXJldmlld3MtYnJvdGhlci1ib2JieS1kZW9scy1uZXctbW92aWUtaS1kaWQtbm90LWxpa2UtZW50ZXJ0YWlubWVudC1uZXdzLTI3Mjk4NjYv0gGYAWh0dHBzOi8vd3d3LmJvbGx5d29vZGxpZmUuY29tL25ld3MtZ29zc2lwL2FuaW1hbC1zdW5ueS1kZW9sLWZpbmFsbHktcmV2aWV3cy1icm90aGVyLWJvYmJ5LWRlb2xzLW5ldy1tb3ZpZS1pLWRpZC1ub3QtbGlrZS1lbnRlcnRhaW5tZW50LW5ld3MtMjcyOTg2Ni9hbXAv?hl=en-ID&gl=ID&ceid=ID%3Aen,Bollywood Life,No Thumbnail
"New York Times Wordle Hints and Answers for #909 December 15, 2023",https://news.google.com/articles/CBMiTmh0dHBzOi8vZ2FtZXJhbnQuY29tL25ldy15b3JrLXRpbWVzLXdvcmRsZS1oaW50cy1hbnN3ZXJzLTkwOS1kZWNlbWJlci0xNS0yMDIzL9IBAA?hl=en-ID&gl=ID&ceid=ID%3Aen,GameRant,https://lh3.googleusercontent.com/proxy/xzQm2Po5NArvtHYBglCKuKNObhpZ7k5zxgVdyi0FMu1R6JHiB4KFaEW-diukHDftNOfvsQZie1UQPr2_-DxypB2B06En9bk-u2nq_gHgbhQyTVoqAxivt2N99klbBJ8n6If16DV9n5O7PvWLQhVez2biB70XAFa139Cl-uyYrEzv-VDtc7M4S1qEbwJaaySnFko=s0-w280-h168-dcrYSSzq0H
"Today's Wordle #909 Hints, Clues And Answer For Friday, December 15th",https://news.google.com/articles/CBMic2h0dHBzOi8vd3d3LmZvcmJlcy5jb20vc2l0ZXMvZXJpa2thaW4vMjAyMy8xMi8xNC90b2RheXMtd29yZGxlLTkwOS1oaW50cy1jbHVlcy1hbmQtYW5zd2VyLWZvci1mcmlkYXktZGVjZW1iZXItMTV0aC_SAQA?hl=en-ID&gl=ID&ceid=ID%3Aen,Forbes,No Thumbnail
"'Wordle' #905 Answer, Clues For Monday, December 11 Puzzle",https://news.google.com/articles/CBMiUmh0dHBzOi8vd3d3Lm5ld3N3ZWVrLmNvbS93b3JkbGUtOTA1LWFuc3dlci1jbHVlcy1tb25kYXktZGVjZW1iZXItMTEtcHV6emxlLTE4NTExMzHSAQA?hl=en-ID&gl=ID&ceid=ID%3Aen,Newsweek,No Thumbnail
"New York Times Wordle: Hints and Answers for #911 December 17, 2023",https://news.google.com/articles/CBMiTmh0dHBzOi8vZ2FtZXJhbnQuY29tL25ldy15b3JrLXRpbWVzLXdvcmRsZS1oaW50cy1hbnN3ZXJzLTkxMS1kZWNlbWJlci0xNy0yMDIzL9IBAA?hl=en-ID&gl=ID&ceid=ID%3Aen,GameRant,No Thumbnail
E-com player Temu sues Shein for 'Mafia-style' intimidation of merchants,https://news.google.com/articles/CBMiOmh0dHBzOi8vd3d3LmRhaWppd29ybGQuY29tL25ld3MvbmV3c0Rpc3BsYXk_bmV3c0lEPTExNDk0NTfSAQA?hl=en-ID&gl=ID&ceid=ID%3Aen,Daijiworld.com,No Thumbnail
Temu sues Shein for â€˜anti-competitiveâ€™ practices in the US,https://news.google.com/articles/CBMiSmh0dHBzOi8vd3d3LnRlY2hpbmFzaWEuY29tL3Nob3J0L3RlbXUtc3Vlcy1zaGVpbi1hbnRpY29tcGV0aXRpdmUtcHJhY3RpY2Vz0gEA?hl=en-ID&gl=ID&ceid=ID%3Aen,Tech in Asia,No Thumbnail
Shein sued by rival Temu for alleged â€˜mafia-style intimidationâ€™,https://news.google.com/articles/CBMiQmh0dHBzOi8vd3d3LmNubi5jb20vMjAyMy8xMi8xNC9idXNpbmVzcy90ZW11LXN1ZXMtc2hlaW4vaW5kZXguaHRtbNIBRmh0dHBzOi8vYW1wLmNubi5jb20vY25uLzIwMjMvMTIvMTQvYnVzaW5lc3MvdGVtdS1zdWVzLXNoZWluL2luZGV4Lmh0bWw?hl=en-ID&gl=ID&ceid=ID%3Aen,CNN,No Thumbnail
eCom Wars: PDD's (NASDAQ:PDD) Temu Sues Shein in the U.S. - TipRanks.com,https://news.google.com/articles/CBMiUWh0dHBzOi8vd3d3LnRpcHJhbmtzLmNvbS9uZXdzL2Vjb20td2Fycy1wZGRzLW5hc2RhcXBkZC10ZW11LXN1ZXMtc2hlaW4taW4tdGhlLXUtc9IBAA?hl=en-ID&gl=ID&ceid=ID%3Aen,TipRanks,No Thumbnail
Airoh Welcomes The 2024 Riding Season With New Commander 2 ADV Helmet,https://news.google.com/articles/CBMiSGh0dHBzOi8vd3d3LnJpZGVhcGFydC5jb20vbmV3cy83MDA5MTkvYWlyb2gtMjAyNC1jb21tYW5kZXItMi1hZHYtaGVsbWV0L9IBTGh0dHBzOi8vd3d3LnJpZGVhcGFydC5jb20vbmV3cy83MDA5MTkvYWlyb2gtMjAyNC1jb21tYW5kZXItMi1hZHYtaGVsbWV0L2FtcC8?hl=en-ID&gl=ID&ceid=ID%3Aen,RideApart.com,https://lh3.googleusercontent.com/proxy/oQ_P-ySb1PYmd_Vhvsytn7sjpSn-kGDkAy1-PjX7q7Pq_TZLt9iwiAvY9X5zPrpR95HB2Kw4RaOQlYgLrpWBIsHSTsdJa6-c30iNBaC_c08zDnFl7dMBIVlNLKos3yDYwvIrUTPD-jT-aF_Qek8mvKzP8o3GoPolO6MuZLjnfs-BHiaWE1GWtumlI-uIenvF7w=s0-w200-h112-dclSOEjxUodFAB
Aussie podcast hosts left horrified as woman reveals her husband's demand four weeks after she gave birth,https://news.google.com/articles/CBMilwFodHRwczovL3d3dy5kYWlseW1haWwuY28udWsvdHZzaG93Yml6L2FydGljbGUtMTI4NjY5NjkvQXVzc2llLXBvZGNhc3QtaG9zdHMtbGVmdC1ob3JyaWZpZWQtd29tYW4tcmV2ZWFscy1odXNiYW5kcy1zZXgtZGVtYW5kLWZvdXItd2Vla3MtZ2F2ZS1iaXJ0aC5odG1s0gGbAWh0dHBzOi8vd3d3LmRhaWx5bWFpbC5jby51ay90dnNob3diaXovYXJ0aWNsZS0xMjg2Njk2OS9hbXAvQXVzc2llLXBvZGNhc3QtaG9zdHMtbGVmdC1ob3JyaWZpZWQtd29tYW4tcmV2ZWFscy1odXNiYW5kcy1zZXgtZGVtYW5kLWZvdXItd2Vla3MtZ2F2ZS1iaXJ0aC5odG1s?hl=en-ID&gl=ID&ceid=ID%3Aen,Daily Mail,https://lh3.googleusercontent.com/proxy/6ICpZ-MLHyOIpqrKvGNumZrpbXSBJWMAxkuSlaKBDVuWSBNlVb09719M73SlveeKP4f88t2ylqKVMqYyXHtXKzPPFEHOzLZVeIGpWOTJEpjBri7Kfn4jK49KgsrhtIKcayAV-NT97085_dgyrg=s0-w200-h112-dclVCUaCboLSkC
"Opening Remarks by Rahul Anand, IMF Mission Chief for Bangladesh at the Press Briefing on Bangladesh",https://news.google.com/articles/CBMiWWh0dHBzOi8vd3d3LmltZi5vcmcvZW4vTmV3cy9BcnRpY2xlcy8yMDIzLzEyLzE0L3NwMTIxNDIzLWJhbmdsYWRlc2gtbWlzc2lvbi1jaGllZi1yZW1hcmtz0gEA?hl=en-ID&gl=ID&ceid=ID%3Aen,International Monetary Fund,No Thumbnail
IMF board clears first review of Bangladesh's $4.7bn bailout,https://news.google.com/articles/CBMiW2h0dHBzOi8vYXNpYS5uaWtrZWkuY29tL0Vjb25vbXkvSU1GLWJvYXJkLWNsZWFycy1maXJzdC1yZXZpZXctb2YtQmFuZ2xhZGVzaC1zLTQuN2JuLWJhaWxvdXTSAQA?hl=en-ID&gl=ID&ceid=ID%3Aen,Nikkei Asia,No Thumbnail
Reserves can hit $24.3b this fiscal year,https://news.google.com/articles/CBMiXGh0dHBzOi8vd3d3LnRoZWRhaWx5c3Rhci5uZXQvYnVzaW5lc3MvZWNvbm9teS9uZXdzL3Jlc2VydmVzLWNhbi1oaXQtMjQzYi1maXNjYWwteWVhci0zNDkzOTk20gFgaHR0cHM6Ly93d3cudGhlZGFpbHlzdGFyLm5ldC9idXNpbmVzcy9lY29ub215L25ld3MvcmVzZXJ2ZXMtY2FuLWhpdC0yNDNiLWZpc2NhbC15ZWFyLTM0OTM5OTY_YW1w?hl=en-ID&gl=ID&ceid=ID%3Aen,The Daily Star,No Thumbnail
Bangladesh's economy continues to face challenges: IMF,https://news.google.com/articles/CBMiXGh0dHBzOi8vd3d3Lm5ld2FnZWJkLm5ldC9hcnRpY2xlLzIyMDMxNS9iYW5nbGFkZXNocy1lY29ub215LWNvbnRpbnVlcy10by1mYWNlLWNoYWxsZW5nZXMtaW1m0gEA?hl=en-ID&gl=ID&ceid=ID%3Aen,newagebd.net,No Thumbnail
"F1 News: James Vowles Confirms Williams Will ""Completely Shift Direction"" For 2024",https://news.google.com/articles/CBMiiQFodHRwczovL3d3dy5zaS5jb20vZmFubmF0aW9uL3JhY2luZy9mMWJyaWVmaW5ncy9uZXdzL2YxLW5ld3MtamFtZXMtdm93bGVzLWNvbmZpcm1zLXdpbGxpYW1zLXdpbGwtY29tcGxldGVseS1zaGlmdC1kaXJlY3Rpb24tZm9yLTIwMjQtbG0yMtIBAA?hl=en-ID&gl=ID&ceid=ID%3Aen,Sports Illustrated,No Thumbnail
Vowles admits Williams' step forward is more than expected as he reflects on first year as team boss,https://news.google.com/articles/CBMikgFodHRwczovL3d3dy5mb3JtdWxhMS5jb20vZW4vbGF0ZXN0L2FydGljbGUudm93bGVzLWFkbWl0cy13aWxsaWFtcy1zdGVwLWZvcndhcmQtaXMtbW9yZS10aGFuLWV4cGVjdGVkLWFzLWhlLXJlZmxlY3RzLW9uLjRic0w3TUNNOURiTWt4NFVpN1NPQ1cuaHRtbNIBkgFodHRwczovL2FtcC5mb3JtdWxhMS5jb20vZW4vbGF0ZXN0L2FydGljbGUudm93bGVzLWFkbWl0cy13aWxsaWFtcy1zdGVwLWZvcndhcmQtaXMtbW9yZS10aGFuLWV4cGVjdGVkLWFzLWhlLXJlZmxlY3RzLW9uLjRic0w3TUNNOURiTWt4NFVpN1NPQ1cuaHRtbA?hl=en-ID&gl=ID&ceid=ID%3Aen,Formula 1,No Thumbnail
Fry: Williams F1 team has to develop 'winning mindset',https://news.google.com/articles/CBMiYGh0dHBzOi8vd3d3Lm1vdG9yc3BvcnQuY29tL2YxL25ld3MvZnJ5LXdpbGxpYW1zLWYxLXRlYW0taGFzLXRvLWRldmVsb3Atd2lubmluZy1taW5kc2V0LzEwNTU2OTY1L9IBAA?hl=en-ID&gl=ID&ceid=ID%3Aen,Motorsport.com,No Thumbnail
"Williams: ""Revered"" Fry will help with complete shift of direction in F1 2024",https://news.google.com/articles/CBMibGh0dHBzOi8vd3d3Lm1vdG9yc3BvcnQuY29tL2YxL25ld3Mvd2lsbGlhbXMtcmV2ZXJlZC1mcnktd2lsbC1oZWxwLXdpdGgtY29tcGxldGUtc2hpZnQtb2YtZGlyZWN0aW9uLzEwNTU3NTQ2L9IBAA?hl=en-ID&gl=ID&ceid=ID%3Aen,Motorsport.com,No Thumbnail
Pokemon GO Adding New Shiny Pokemon and Costumes for Winter Holiday Part 2,https://news.google.com/articles/CBMiUWh0dHBzOi8vZ2FtZXJhbnQuY29tL3Bva2Vtb24tZ28tbmV3LXNoaW55LXBva2Vtb24tY29zdHVtZXMtd2ludGVyLWhvbGlkYXktcGFydC0yL9IBAA?hl=en-ID&gl=ID&ceid=ID%3Aen,GameRant,No Thumbnail
Pokemon GO Adding New Pokemon as Part of Winter Holiday Event,https://news.google.com/articles/CBMiRmh0dHBzOi8vZ2FtZXJhbnQuY29tL3Bva2Vtb24tZ28tY2V0b2RkbGUtY2V0aXRhbi13aW50ZXItaG9saWRheS1ldmVudC_SAQA?hl=en-ID&gl=ID&ceid=ID%3Aen,GameRant,No Thumbnail
"Pokemon GO Winter Wonderland and Wyrdeer Raid Day: Shiny debut, event bonuses, schedule, and more",https://news.google.com/articles/CBMidGh0dHBzOi8vd3d3LnNwb3J0c2tlZWRhLmNvbS9wb2tlbW9uL3Bva2Vtb24tZ28td2ludGVyLXdvbmRlcmxhbmQtd3lyZGVlci1yYWlkLWRheS1zaGlueS1kZWJ1dC1ldmVudC1ib251c2VzLXNjaGVkdWxl0gEA?hl=en-ID&gl=ID&ceid=ID%3Aen,Sportskeeda,No Thumbnail
Winter Holiday Event 2023: Part One | PokÃ©mon GO Hub,https://news.google.com/articles/CBMiUmh0dHBzOi8vcG9rZW1vbmdvaHViLm5ldC9wb3N0L2V2ZW50L3Bva2Vtb24tZ28td2ludGVyLWhvbGlkYXktZXZlbnQtMjAyMy1wYXJ0LW9uZS_SAQA?hl=en-ID&gl=ID&ceid=ID%3Aen,PokÃ©mon GO Hub,No Thumbnail
Elder Patrick Kearon: Newest apostle is third from outside United States,https://news.google.com/articles/CBMikwFodHRwczovL3d3dy5kZXNlcmV0LmNvbS9mYWl0aC8yMDIzLzEyLzE0LzIzOTkzNjcxL2hvdy10aGUtbmV3ZXN0LWxhdHRlci1kYXktc2FpbnQtYXBvc3RsZS10aWVzLWEtY2h1cmNoLWhpc3RvcnktcmVjb3JkLWZvci10aGUtcXVvcnVtLW9mLXRoZS10d2VsdmXSAQA?hl=en-ID&gl=ID&ceid=ID%3Aen,Deseret News,https://lh3.googleusercontent.com/proxy/xBj8ZlnIarKGxU0wXnMaOObjr94SbK6C5gOczf1UDRkxewSS9_ljVuZOlDmDLggybHK8r3u0-9pbIFwih-7Q7PlkKysl1Ii1MR6lbSl3CEoBsXhsWbFyd5JO33GfyQXkXl4x7X8sWIMr_Z6BRa5RmuA4bQprbm8MMGIrfc742DueTHYUTLHf5zyzhHo6xnIcenV4Gxlr-cmUoDckNnarL5pVl6d3MRig1ifTOt9oU0o3l6DC5UotJKBn84L14KJw6lolXrNMULj-rW-1uazKaZSqT84Lk6HRaJiAuAW6U-Qy9WFxH0Kp9xQlpZVY1T0sAEhonZtHWVjzQzabHimHct-HL3NLm7hZPmyVrtTz7xJGQ-VX5PnrE_4eBZEJ8HYqfqindPFA9mNkAAP3hgprq4WxIHpDnxU1qI8sU35Fg-kwiQvPXjvTpMYWiLgJu-kVQ0fbYKx5rDAra4F2K_EI3oqcr7mi6o1gzeidqTA43XhXi-Ab672sVyslowyHZdr8ISgPeFyQrqt5vmjUboJVv8HRhnzFZsXqvJy0lXZZTA=s0-w280-h168-dcIRSebJUK
What the LDS Church's new apostle appointment says about the faith's global focus,https://news.google.com/articles/CBMijAFodHRwczovL3d3dy5rdWVyLm9yZy9yYWNlLXJlbGlnaW9uLXNvY2lhbC1qdXN0aWNlLzIwMjMtMTItMTEvd2hhdC10aGUtbGRzLWNodXJjaHMtbmV3LWFwb3N0bGUtYXBwb2ludG1lbnQtc2F5cy1hYm91dC10aGUtZmFpdGhzLWdsb2JhbC1mb2N1c9IBAA?hl=en-ID&gl=ID&ceid=ID%3Aen,KUER 90.1,No Thumbnail
Elder Patrick Kearon Called to the Quorum of the Twelve Apostles,https://news.google.com/articles/CBMiamh0dHBzOi8vbmV3c3Jvb20uY2h1cmNob2ZqZXN1c2NocmlzdC5vcmcvYXJ0aWNsZS9lbGRlci1wYXRyaWNrLWtlYXJvbi1jYWxsZWQtcXVvcnVtLW9mLXRoZS10d2VsdmUtYXBvc3RsZXPSAQA?hl=en-ID&gl=ID&ceid=ID%3Aen,Church Newsroom,No Thumbnail
Elder Patrick Kearon speaks at BYUâ€“Hawaii commencement,https://news.google.com/articles/CBMidWh0dHBzOi8vd3d3LnRoZWNodXJjaG5ld3MuY29tL2xlYWRlcnMvMjAyMy8xMi84LzIzOTkzODM2L2VsZGVyLXBhdHJpY2sta2Vhcm9uLWJ5dS1oYXdhaWktY29tbWVuY2VtZW50LXRoZS1oYW5kLW9mLWdvZNIBAA?hl=en-ID&gl=ID&ceid=ID%3Aen,Church News,No Thumbnail
Israel-Hamas War Day 70: Biden adviser Jake Sullivan to meet Palestinian President Abbas today | Top 10 updates | Mint,https://news.google.com/articles/CBMiowFodHRwczovL3d3dy5saXZlbWludC5jb20vbmV3cy93b3JsZC9pc3JhZWxoYW1hcy13YXItZGF5LTcwLWJpZGVuLWFkdmlzZXItamFrZS1zdWxsaXZhbi10by1tZWV0LXBhbGVzdGluaWFuLXByZXNpZGVudC1hYmJhcy10b2RheS10b3AtMTAtdXBkYXRlcy0xMTcwMjYwMDg5MjUzOC5odG1s0gEA?hl=en-ID&gl=ID&ceid=ID%3Aen,Mint,https://lh3.googleusercontent.com/proxy/ux-5qLT0Ew7ApfwxWcOXWLrkw4VEwts0EGw5mWq0XZIgVmmdVeqpR_1781M9RH6CEeMdxgLMofRyJEW5UevSZ88QfTswhsRCjWYxR3qWHN2AlnDoAfrnxlEShdIjFvU7pp4GE2sZI1MGVyQDT2xcX0BA7ejCJJ70qifsbgVi8n0sx_LK1YDX1vad92u3cpOAOT_1Pg=s0-w280-h168-dcAUCIBUUkwOwpDzY
Israel-Gaza war live: IDF says it has recovered bodies of two soldiers abducted by Hamas and destroyed â€˜battalionâ€™ HQ in Shejaiya,https://news.google.com/articles/CBMikAFodHRwczovL3d3dy50aGVndWFyZGlhbi5jb20vd29ybGQvbGl2ZS8yMDIzL2RlYy8xNS9pc3JhZWwtZ2F6YS13YXItbGl2ZS11cGRhdGVzLWhhbWFzLXVzLW9mZmljaWFsLXBhbGVzdGluZS1tYWhtb3VkLWFiYmFzLWhvc3RhZ2UtYm9keS1yZWNvdmVyZWTSAZABaHR0cHM6Ly9hbXAudGhlZ3VhcmRpYW4uY29tL3dvcmxkL2xpdmUvMjAyMy9kZWMvMTUvaXNyYWVsLWdhemEtd2FyLWxpdmUtdXBkYXRlcy1oYW1hcy11cy1vZmZpY2lhbC1wYWxlc3RpbmUtbWFobW91ZC1hYmJhcy1ob3N0YWdlLWJvZHktcmVjb3ZlcmVk?hl=en-ID&gl=ID&ceid=ID%3Aen,The Guardian,No Thumbnail
Unprecedented tensions between White House and Netanyahu as Biden feels political price for standing with Israel,https://news.google.com/articles/CBMiVGh0dHBzOi8vd3d3LmNubi5jb20vMjAyMy8xMi8xNC9wb2xpdGljcy9iaWRlbi1uZXRhbnlhaHUtdGVuc2lvbnMtYW5hbHlzaXMvaW5kZXguaHRtbNIBAA?hl=en-ID&gl=ID&ceid=ID%3Aen,CNN,No Thumbnail
"Sullivan Also Had 'Heavy Discussion' On Protection Of Civilians,â€¦",https://news.google.com/articles/CBMic2h0dHBzOi8vd3d3Lm1hcmtldHNjcmVlbmVyLmNvbS9uZXdzL2xhdGVzdC9TVUxMSVZBTi1BTFNPLUhBRC1IRUFWWS1ESVNDVVNTSU9OLU9OLVBST1RFQ1RJT04tT0YtQ0lWSUxJQU5TLS00NTU3Mzk4MS_SAQA?hl=en-ID&gl=ID&ceid=ID%3Aen,Marketscreener.com,No Thumbnail
Volcano Watch â€” Sniffing out stealthy gas escape between KÄ«lauea's eruptions | U.S. Geological Survey,https://news.google.com/articles/CBMidWh0dHBzOi8vd3d3LnVzZ3MuZ292L29ic2VydmF0b3JpZXMvaHZvL25ld3Mvdm9sY2Fuby13YXRjaC1zbmlmZmluZy1vdXQtc3RlYWx0aHktZ2FzLWVzY2FwZS1iZXR3ZWVuLWtpbGF1ZWFzLWVydXB0aW9uc9IBAA?hl=en-ID&gl=ID&ceid=ID%3Aen,United States Geological Survey (.gov),https://lh3.googleusercontent.com/proxy/YO5S7Pp65x8Cqbey79l51-3mLLO37qBUpnYPOUVAp6iAh4JKekKxcnLJXXiCZ0gP8OYWKHsm_j_iFkgUQcR5T7ozlbaRJMtrU6T9D7ctvCqC1vCKnOlsTXScLh3l1UWaWzdoxksPvhBubP5HiLlj2Qh3eFgr_mWYhsvjA-XrYu3O4UPsFcVLWGBep0KmJpRInPNISYsyqoIiw4jg2p4VBvj2rjgJ52dqdWkCd2Dy85BW4Q=s0-w200-h112-dcAXCMZUbkLHAB
Knicks Are Coming to Senses Regarding 76ers' Joel Embiid,https://news.google.com/articles/CBMiUmh0dHBzOi8vd3d3LnNpLmNvbS9uYmEvNzZlcnMvbmV3cy9rbmlja3MtY29taW5nLXNlbnNlcy1yZWdhcmRpbmctNzZlcnMtam9lbC1lbWJpaWTSAQA?hl=en-ID&gl=ID&ceid=ID%3Aen,Sports Illustrated,https://lh3.googleusercontent.com/proxy/iIxAd0ymO3NQjovMmmeh4WyD2UbIXppdqBbs0mRz0VQs-Mad7J2e2RiPp00ox8ECHxCAlhX2TeOQL5CNsZsbCB9ks7fc8JwN5CT2uAoZYuBkojaNoD11VzLBY2WGxOokuZwOfjtZJToosoHO7HcfMpUZk2I1pYpTkpATQE8JBG31bBT7Kla-rgb838jSBewDkZ0o6XPi1g4abbSYoZxxEhV7SURbX4lN0nsuxITfyfseT4RH=s0-w280-h168-dcDSCQ1BBrkmgC
What I'm hearing about the Knicks on the NBA trade market,https://news.google.com/articles/CBMiQ2h0dHBzOi8vdGhlYXRobGV0aWMuY29tLzUxMjE1MTEvMjAyMy8xMi8wOC9rbmlja3MtbmJhLXRyYWRlLW1hcmtldC_SAQA?hl=en-ID&gl=ID&ceid=ID%3Aen,The Athletic,No Thumbnail
"New York Notes: LaVine, DeRozan, Bogdanovic, Dinwiddie, DSJ",https://news.google.com/articles/CBMiX2h0dHBzOi8vd3d3Lmhvb3BzcnVtb3JzLmNvbS8yMDIzLzEyL25ldy15b3JrLW5vdGVzLWxhdmluZS1kZXJvemFuLWJvZ2Rhbm92aWMtZGlud2lkZGllLWRzai5odG1s0gEA?hl=en-ID&gl=ID&ceid=ID%3Aen,hoopsrumors.com,No Thumbnail
"Knicks' Star Pursuit Adds Twist With Latest Zach LaVine, DeMar DeRozan Bulls Trade Rumor",https://news.google.com/articles/CBMiYWh0dHBzOi8vd3d3LnNpLmNvbS9uYmEvMjAyMy8xMi8wNy9rbmlja3MtYnVsbHMtemFjaC1sYXZpbmUtZGVtYXItZGVyb3phbi10cmFkZS1ydW1vcnMtbGF0ZXN0LW5ld3PSAQA?hl=en-ID&gl=ID&ceid=ID%3Aen,Sports Illustrated,No Thumbnail
Jurgen Klopp 'will NOT judge' his youngsters as Liverpool fall to 2-1 defeat against Union Saint Gilloise,https://news.google.com/articles/CBMimQFodHRwczovL3d3dy5kYWlseW1haWwuY28udWsvc3BvcnQvZm9vdGJhbGwvYXJ0aWNsZS0xMjg2NjI1NS9KdXJnZW4tS2xvcHAtTk9ULWp1ZGdlLXlvdW5nc3RlcnMtTGl2ZXJwb29sLWZhbGwtMi0xLWRlZmVhdC1hZ2FpbnN0LVVuaW9uLVNhaW50LUdpbGxvaXNlLmh0bWzSAZ0BaHR0cHM6Ly93d3cuZGFpbHltYWlsLmNvLnVrL3Nwb3J0L2Zvb3RiYWxsL2FydGljbGUtMTI4NjYyNTUvYW1wL0p1cmdlbi1LbG9wcC1OT1QtanVkZ2UteW91bmdzdGVycy1MaXZlcnBvb2wtZmFsbC0yLTEtZGVmZWF0LWFnYWluc3QtVW5pb24tU2FpbnQtR2lsbG9pc2UuaHRtbA?hl=en-ID&gl=ID&ceid=ID%3Aen,Daily Mail,https://lh3.googleusercontent.com/proxy/NZHZ4VMXTzp7V7fQL1Jyp3WV0gy2XwnoNDkIWPFS5ktqlTWUoTggQOHMpg467kEwt_wGO0BJ8h8obGOXiFZnykiiXji7AQxXID6Z-iTcjslVusygjTcXrvJ8sODYJDjeJJvheWmTwnxJwwhNUA=s0-w280-h168-dcgSGKxBgJ
Liverpool player ratings vs Royale Union Saint-Gilloise: Jurgen Klopp's youth experiment fails while Cody Gakpo flounders in Europa League loss,https://news.google.com/articles/CBMigwFodHRwczovL3d3dy5nb2FsLmNvbS9lbi9saXN0cy9saXZlcnBvb2wtcGxheWVyLXJhdGluZ3MtdnMtcm95YWxlLXVuaW9uLXNhaW50LWdpbGxvaXNlLWNvZHktZ2FrcG8tamFyZWxsLXF1YW5zYWgvYmx0MTJkMGNjNDYwZTczMjEyNtIBAA?hl=en-ID&gl=ID&ceid=ID%3Aen,GOAL English,No Thumbnail
JÃ¼rgen Klopp press conference: Union SG 2-1 Liverpool,https://news.google.com/articles/CBMiVWh0dHBzOi8vd3d3LmxpdmVycG9vbGZjLmNvbS9uZXdzL2p1cmdlbi1rbG9wcC1wcmVzcy1jb25mZXJlbmNlLXVuaW9uLXNnLTItMS1saXZlcnBvb2zSAVtodHRwczovL3d3dy5saXZlcnBvb2xmYy5jb20vbmV3cy9qdXJnZW4ta2xvcHAtcHJlc3MtY29uZmVyZW5jZS11bmlvbi1zZy0yLTEtbGl2ZXJwb29sP2FtcD0x?hl=en-ID&gl=ID&ceid=ID%3Aen,Liverpool FC,No Thumbnail
Union Saint-Gilloise 2-1 Liverpool: Europa League group stage ends with loss for Reds,https://news.google.com/articles/CBMiLWh0dHBzOi8vd3d3LmJiYy5jby51ay9zcG9ydC9mb290YmFsbC82NzcwNzcwONIBAA?hl=en-ID&gl=ID&ceid=ID%3Aen,BBC,No Thumbnail
Take A Look At Kawasaki's First Hydrogen Engine Motorcycle Prototype,https://news.google.com/articles/CBMiVGh0dHBzOi8vd3d3LnJpZGVhcGFydC5jb20vbmV3cy83MDA5MTUva2F3YXNha2ktaHlkcm9nZW4tZW5naW5lLW1vdG9yY3ljbGUtcHJvdG90eXBlL9IBWGh0dHBzOi8vd3d3LnJpZGVhcGFydC5jb20vbmV3cy83MDA5MTUva2F3YXNha2ktaHlkcm9nZW4tZW5naW5lLW1vdG9yY3ljbGUtcHJvdG90eXBlL2FtcC8?hl=en-ID&gl=ID&ceid=ID%3Aen,RideApart.com,https://lh3.googleusercontent.com/proxy/YoNPa7H2LyJ_fCpTL6UqkFnO1s81RPfbBRcuHs-c2FGNsYkAmtm7TXZhI-Wp488k2JLh3ihLh5IW03DIAtEwOJvDqq4QLREQ1AlPC4tdZrztHY8c6KOM5sQuBJMcp9Rl0a0F4duvKjr-8g=s0-w200-h112-dcgXOKzqkF
DayZ Throws More Shade at The Day Before With Steam Sale,https://news.google.com/articles/CBMiOmh0dHBzOi8vZ2FtZXJhbnQuY29tL2RheXotc3RlYW0tc2FsZS10aGUtZGF5LWJlZm9yZS1zaGFkZS_SAQA?hl=en-ID&gl=ID&ceid=ID%3Aen,GameRant,https://lh3.googleusercontent.com/proxy/i4qgAokpm6w2f7DaRQflq6Bnv9oZuD0vdmed_rvJPmCyrbkrwzOpDobCjAnnshOzfwLXWxAt5qdbz0UkOTCfN5CXuF_yHG_4Mh37OPhDwifGtdrkuAZ5iwc4IhhJD19837mo_W9j961x_JCCaWJj0TdliIs0u-tlnwPfjEiPruCcD_X_iOdc64LfhUkF7BeuRg=s0-w280-h168-dcFRKOSY4qResB
Steam responds to The Day Before controversy by announcing 'The Day After' sale on survival games,https://news.google.com/articles/CBMiemh0dHBzOi8vd3d3LmdhbWluZ2JpYmxlLmNvbS9uZXdzL3BsYXRmb3JtL3N0ZWFtL3N0ZWFtLXJlc3BvbmRzLWRheS1iZWZvcmUtY29udHJvdmVyc3ktYW5ub3VuY2luZy1kYXktYWZ0ZXItMzc0OTc2LTIwMjMxMjEz0gEA?hl=en-ID&gl=ID&ceid=ID%3Aen,GAMINGbible,No Thumbnail
"While The Day Before failed, DayZ remains triumphant ten years later",https://news.google.com/articles/CBMiYGh0dHBzOi8vd3d3LmRlc3RydWN0b2lkLmNvbS93aGlsZS10aGUtZGF5LWJlZm9yZS1mYWlsZWQtZGF5ei1yZW1haW5zLXRyaXVtcGhhbnQtdGVuLXllYXJzLWxhdGVyL9IBAA?hl=en-ID&gl=ID&ceid=ID%3Aen,Destructoid,No Thumbnail
Joel Embiid Continues to Leave Patrick Beverley in Awe,https://news.google.com/articles/CBMiUmh0dHBzOi8vd3d3LnNpLmNvbS9uYmEvNzZlcnMvbmV3cy9qb2VsLWVtYmlpZC1jb250aW51ZXMtbGVhdmUtcGF0cmljay1iZXZlcmxleS1hd2XSAQA?hl=en-ID&gl=ID&ceid=ID%3Aen,Sports Illustrated,https://lh3.googleusercontent.com/proxy/0srYthZ6UWN_VJ6mCDCRSmG2iGlo8ZPOcbEi7S9T2ueCzVoFLzIbTH5Wl1sYRUsL2QY96zdaRSXyfGOYbg36-ruGwf5t2dH8c4W3vwFQE_WX40rraJ9zvD0G6C-OyZvk2OoAyBttP9lSHiIHsOV5y5pRedSoyXIN8z7wjIO036j086NO1Wt_gshZUwdU6EvIwfnYXFnN-yvzDh6j1lzWyclC0d1TE7TswCFm=s0-w280-h168-dcgUKQTx3pyHAB
"Philadelphia 76ers Beat Washington Wizards 146-101, 12/11/23",https://news.google.com/articles/CBMiTGh0dHBzOi8vd3d3Lm5iYS5jb20vc2l4ZXJzL25ld3MvNzZlcnMtdnMtd2FzaGluZ3Rvbi13aXphcmRzLTEyLTExLTIwMjMtcmVjYXDSAQA?hl=en-ID&gl=ID&ceid=ID%3Aen,NBA.com,No Thumbnail
Kia MVP Ladder projects former Kansas basketball star Joel Embiid to repeat as winner,https://news.google.com/articles/CBMiXGh0dHBzOi8vdGhyb3VnaHRoZXBob2cuY29tL3Bvc3RzL2thbnNhcy1iYXNrZXRiYWxsLWtpYS1tdnAtbGFkZGVyLWpheWhhd2tzLWpvZWwtMDFoaGttZmF4cTh50gEA?hl=en-ID&gl=ID&ceid=ID%3Aen,Through the Phog,No Thumbnail
Sixers Bell Ringer: Sixersâ€™ barrage from beyond the arc demolishes Wizards,https://news.google.com/articles/CBMikAFodHRwczovL3d3dy5saWJlcnR5YmFsbGVycy5jb20vMjAyMy8xMi8xMS8yMzk5Nzc0OC9zaXhlcnMtYmVsbC1yaW5nZXItd2FzaGluZ3Rvbi13aXphcmRzLWpvZWwtZW1iaWlkLXR5cmVzZS1tYXhleS1tYXJjdXMtbW9ycmlzLXBhdHJpY2stYmV2ZXJsZXnSAZ0BaHR0cHM6Ly93d3cubGliZXJ0eWJhbGxlcnMuY29tL3BsYXRmb3JtL2FtcC8yMDIzLzEyLzExLzIzOTk3NzQ4L3NpeGVycy1iZWxsLXJpbmdlci13YXNoaW5ndG9uLXdpemFyZHMtam9lbC1lbWJpaWQtdHlyZXNlLW1heGV5LW1hcmN1cy1tb3JyaXMtcGF0cmljay1iZXZlcmxleQ?hl=en-ID&gl=ID&ceid=ID%3Aen,Liberty Ballers,No Thumbnail
Mills & Boon target Gen Z readers with a 'diverse' line of books - including a 'queer' version of Pretty Woman,https://news.google.com/articles/CBMinQFodHRwczovL3d3dy5kYWlseW1haWwuY28udWsvbmV3cy9hcnRpY2xlLTEyODY2NjI3L01pbGxzLUJvb24tdGFyZ2V0LUdlbi1aLXJlYWRlcnMtZGl2ZXJzZS1saW5lLWJvb2tzLWluY2x1ZGluZy1xdWVlci12ZXJzaW9uLVByZXR0eS1Xb21hbmRsaW5lLWdvZXMtaGVyZS5odG1s0gGhAWh0dHBzOi8vd3d3LmRhaWx5bWFpbC5jby51ay9uZXdzL2FydGljbGUtMTI4NjY2MjcvYW1wL01pbGxzLUJvb24tdGFyZ2V0LUdlbi1aLXJlYWRlcnMtZGl2ZXJzZS1saW5lLWJvb2tzLWluY2x1ZGluZy1xdWVlci12ZXJzaW9uLVByZXR0eS1Xb21hbmRsaW5lLWdvZXMtaGVyZS5odG1s?hl=en-ID&gl=ID&ceid=ID%3Aen,Daily Mail,https://lh3.googleusercontent.com/proxy/LOHKlTLS0C5nZgvGkZS3VSVY2eUoyAsElHYDykS-_xaRKnjmu2_zhH_NSrVhF6osmO5k3apqKa-u2HhJXj5IycZnQmyucQx2yMrNtew2jjZkOUlCK52ueU1n_RMCz9zQdLtBfjn3zlht4V7RKQ=s0-w200-h112-dcGTeGKp4J
Cramer points to stocks receiving tailwind from Fed's dovish meeting,https://news.google.com/articles/CBMiaGh0dHBzOi8vd3d3LmNuYmMuY29tLzIwMjMvMTIvMTQvY3JhbWVyLXBvaW50cy10by1zdG9ja3MtcmVjZWl2aW5nLXRhaWx3aW5kLWZyb20tZmVkcy1kb3Zpc2gtbWVldGluZy5odG1s0gEA?hl=en-ID&gl=ID&ceid=ID%3Aen,CNBC,No Thumbnail
Jim Cramer dismisses recession fears and names sectors poised to soar after Fed meeting,https://news.google.com/articles/CBMia2h0dHBzOi8vd3d3LmNuYmMuY29tLzIwMjMvMTIvMTMvamltLWNyYW1lci1kaXNtaXNzZXMtcmVjZXNzaW9uLWZlYXJzLWFuZC1uYW1lcy1zZWN0b3JzLXBvaXNlZC10by1yYWxseS5odG1s0gFvaHR0cHM6Ly93d3cuY25iYy5jb20vYW1wLzIwMjMvMTIvMTMvamltLWNyYW1lci1kaXNtaXNzZXMtcmVjZXNzaW9uLWZlYXJzLWFuZC1uYW1lcy1zZWN0b3JzLXBvaXNlZC10by1yYWxseS5odG1s?hl=en-ID&gl=ID&ceid=ID%3Aen,CNBC,No Thumbnail
Inflation and portfolio earnings hold the keys to the market in the week ahead,https://news.google.com/articles/CBMic2h0dHBzOi8vd3d3LmNuYmMuY29tLzIwMjMvMTIvMDkvaW5mbGF0aW9uLWFuZC1wb3J0Zm9saW8tZWFybmluZ3MtaG9sZC10aGUta2V5cy10by10aGUtbWFya2V0LWluLXRoZS13ZWVrLWFoZWFkLmh0bWzSAQA?hl=en-ID&gl=ID&ceid=ID%3Aen,CNBC,No Thumbnail
Cramer's week ahead: Focus on the Federal Reserve's meeting,https://news.google.com/articles/CBMiXWh0dHBzOi8vd3d3LmNuYmMuY29tLzIwMjMvMTIvMDgvY3JhbWVycy13ZWVrLWFoZWFkLWZvY3VzLW9uLXRoZS1mZWRlcmFsLXJlc2VydmVzLW1lZXRpbmcuaHRtbNIBYWh0dHBzOi8vd3d3LmNuYmMuY29tL2FtcC8yMDIzLzEyLzA4L2NyYW1lcnMtd2Vlay1haGVhZC1mb2N1cy1vbi10aGUtZmVkZXJhbC1yZXNlcnZlcy1tZWV0aW5nLmh0bWw?hl=en-ID&gl=ID&ceid=ID%3Aen,CNBC,No Thumbnail
F1 News: McLaren CEO Makes Bold Suggestion For 28 Race Championship Despite 2024 Concerns,https://news.google.com/articles/CBMikgFodHRwczovL3d3dy5zaS5jb20vZmFubmF0aW9uL3JhY2luZy9mMWJyaWVmaW5ncy9uZXdzL2YxLW5ld3MtbWNsYXJlbi1jZW8tbWFrZXMtYm9sZC1zdWdnZXN0aW9uLWZvci0yOC1yYWNlLWNoYW1waW9uc2hpcC1kZXNwaXRlLTIwMjQtY29uY2VybnMtbG0yMtIBAA?hl=en-ID&gl=ID&ceid=ID%3Aen,Sports Illustrated,https://lh3.googleusercontent.com/proxy/27fm3G3YOBDbQoSM2MsO4klJeYO_01F1VEtsYAo8NS0-QgwvZ8V5jLuL9AyIMvJxzHh7EntToqMRwr0-a5gGvx3EmQttvkFyRzHpFOCjeEoYe4nfRFFXC8hv19s8IAY0OOOquHhi1ZdxdMS2a4_YcsjH0iQcxyF-yGtyWu9pKJbVl4rlfBq0vGasbejXR1FCpmOqOLoCN3MU2G1SprHwhkdRItdu=s0-w280-h168-dclQOcb5EK
Brown open to 28 Grands Prix - if calendar rotation can be agreed,https://news.google.com/articles/CBMiWWh0dHBzOi8vcmFjaW5nbmV3czM2NS5jb20vYnJvd24tb3Blbi10by0yOC1ncmFuZHMtcHJpeC1pZi1jYWxlbmRhci1yb3RhdGlvbi1jYW4tYmUtYWdyZWVk0gEA?hl=en-ID&gl=ID&ceid=ID%3Aen,Racingnews365.com,No Thumbnail
Mercedes propose staff race bans for 2024,https://news.google.com/articles/CBMiUmh0dHBzOi8vd3d3LmdwZmFucy5jb20vZW4vZjEtbmV3cy8xMDA5NDc4L2YxLW1lY2VkZXMtcHJvcG9zZS1zdGFmZi1saW1pdC1mb3ItMjAyNC_SAQA?hl=en-ID&gl=ID&ceid=ID%3Aen,GPFans EN,No Thumbnail
Zak Brown proposes F1 calendar solution as congestion mounts in 2024 and beyond,https://news.google.com/articles/CBMiQWh0dHBzOi8vd3d3LnBsYW5ldGYxLmNvbS9uZXdzL3phay1icm93bi1mMS1jYWxlbmRhci1yYWNlLXJvdGF0aW9u0gEA?hl=en-ID&gl=ID&ceid=ID%3Aen,Planet F1,No Thumbnail
"NewJeans reveals upcoming NJWMX remix album with cozy, nostalgic teaser, tracklist; WATCH",https://news.google.com/articles/CBMihgFodHRwczovL3d3dy5waW5rdmlsbGEuY29tL2VudGVydGFpbm1lbnQvbmV3amVhbnMtcmV2ZWFscy11cGNvbWluZy1uandteC1yZW1peC1hbGJ1bS13aXRoLWNvenktbm9zdGFsZ2ljLXRlYXNlci10cmFja2xpc3Qtd2F0Y2gtMTI2NTM5NNIBigFodHRwczovL3d3dy5waW5rdmlsbGEuY29tL2VudGVydGFpbm1lbnQvbmV3amVhbnMtcmV2ZWFscy11cGNvbWluZy1uandteC1yZW1peC1hbGJ1bS13aXRoLWNvenktbm9zdGFsZ2ljLXRlYXNlci10cmFja2xpc3Qtd2F0Y2gtMTI2NTM5ND9hbXA?hl=en-ID&gl=ID&ceid=ID%3Aen,PINKVILLA,https://lh3.googleusercontent.com/proxy/A5voGp2GrVOsdXOdkwe5pWF6GWzmkSNxiwuGx_jZRKmproTNZwnFWh7nQyz9wSquNOzHEP65F8ta8pioNRAIWc0qgGAHq6s9KjQfyulcLgZHUwnf8QDEyzxF=s0-w280-h168-dcCVCQRiJoJWgC
Watch: NewJeans Announces New Remix Album â€œNJWMXâ€ With Nostalgic Teaser,https://news.google.com/articles/CBMibmh0dHBzOi8vd3d3LnNvb21waS5jb20vYXJ0aWNsZS8xNjMxODk4d3BwL3dhdGNoLW5ld2plYW5zLWFubm91bmNlcy1uZXctcmVtaXgtYWxidW0tbmp3bXgtd2l0aC1ub3N0YWxnaWMtdGVhc2Vy0gEA?hl=en-ID&gl=ID&ceid=ID%3Aen,soompi,No Thumbnail
"NewJeans teases new ""Ditto"" ad campaign with Nike",https://news.google.com/articles/CBMiV2h0dHBzOi8vd3d3LmFsbGtwb3AuY29tL2FydGljbGUvMjAyMy8xMi9uZXdqZWFucy10ZWFzZXMtbmV3LWRpdHRvLWFkLWNhbXBhaWduLXdpdGgtbmlrZdIBAA?hl=en-ID&gl=ID&ceid=ID%3Aen,allkpop,No Thumbnail
NewJeans tease upcoming 12-track remix album 'NJWMX',https://news.google.com/articles/CBMiWGh0dHBzOi8vd3d3LmFsbGtwb3AuY29tL3ZpZGVvLzIwMjMvMTIvbmV3amVhbnMtdGVhc2UtdXBjb21pbmctMTItdHJhY2stcmVtaXgtYWxidW0tbmp3bXjSAQA?hl=en-ID&gl=ID&ceid=ID%3Aen,allkpop,No Thumbnail
Jordan-Pippen Wedding Update: 32YO Marcus Reveals One Key Uncompromising Detail to Grooms Squad on D-Day,https://news.google.com/articles/CBMirwFodHRwczovL3d3dy5lc3NlbnRpYWxseXNwb3J0cy5jb20vbmJhLWxlZ2VuZHMtYmFza2V0YmFsbC1uZXdzLWpvcmRhbi1waXBwZW4td2VkZGluZy11cGRhdGUtdGhpcnR5LXR3by15by1tYXJjdXMtcmV2ZWFscy1vbmUta2V5LXVuY29tcHJvbWlzaW5nLWRldGFpbC10by1ncm9vbXMtc3F1YWQtb24tZC1kYXkv0gEA?hl=en-ID&gl=ID&ceid=ID%3Aen,EssentiallySports,https://lh3.googleusercontent.com/proxy/E2DoIf7h16Eb0SShiyypPQwY31gW9SLxGRoScNbqiZfS398If0sASKY7fSMhoJhwMpiVNtg0smMjrw7jd90lQcFI5We8CEXcSoBWrjzh_07r2_rWz6c-aFPCPu4gUlX2t8G4eS8ExGJnKDvUyDbjiTJm4T2xi1He=s0-w200-h112-dcnXSSjK2noo8B
"Fighter first song 'Sher Khul Gaye': Hrithik Roshan, Deepika Padukone and one very good looking song. Watch",https://news.google.com/articles/CBMiqQFodHRwczovL2luZGlhbmV4cHJlc3MuY29tL2FydGljbGUvZW50ZXJ0YWlubWVudC9ib2xseXdvb2QvZmlnaHRlci1maXJzdC1zb25nLXNoZXIta2h1bC1nYXllLWhyaXRoaWstcm9zaGFuLWRlZXBpa2EtcGFkdWtvbmUtYW5kLW9uZS12ZXJ5LWdvb2QtbG9va2luZy1zb25nLXdhdGNoLTkwNjkyNjUv0gEA?hl=en-ID&gl=ID&ceid=ID%3Aen,The Indian Express,https://lh3.googleusercontent.com/proxy/oDo7WciRLW3pS4UwTF_cUV-6N3YJ4ypNpKbDWN0EwISRZEnyV92qIHXhkndE1pca7oFeM7kv_2rwZmbvvJcCC-fw8NjpBVOBZcD19gXi60x2KfEofyoq-Q7c=s0-w280-h168-dcgUCagybpLYcC
Fighter song Sher Khul Gaye: Hrithik Roshan and Deepika Padukone's party number is a certified banger. Watch,https://news.google.com/articles/CBMimAFodHRwczovL3d3dy5oaW5kdXN0YW50aW1lcy5jb20vZW50ZXJ0YWlubWVudC9ib2xseXdvb2QvZmlnaHRlci1zb25nLXNoZXIta2h1bC1nYXllLWhyaXRoaWstcm9zaGFuLWRlZXBpa2EtcGFkdWtvbmUtZGFuY2UtcGFydHktc29uZy0xMDE3MDI2MTQ1Mjc2MDMuaHRtbNIBAA?hl=en-ID&gl=ID&ceid=ID%3Aen,Hindustan Times,No Thumbnail
Fighter - Official Teaser,https://news.google.com/articles/CBMibmh0dHBzOi8vdGltZXNvZmluZGlhLmluZGlhdGltZXMuY29tL3ZpZGVvcy9lbnRlcnRhaW5tZW50L2hpbmRpL2ZpZ2h0ZXItb2ZmaWNpYWwtdGVhc2VyL3ZpZGVvc2hvdy8xMDU4MzE3MDguY21z0gFyaHR0cHM6Ly90aW1lc29maW5kaWEuaW5kaWF0aW1lcy5jb20vdmlkZW9zL2VudGVydGFpbm1lbnQvaGluZGkvZmlnaHRlci1vZmZpY2lhbC10ZWFzZXIvYW1wX3ZpZGVvc2hvdy8xMDU4MzE3MDguY21z?hl=en-ID&gl=ID&ceid=ID%3Aen,Times of India,No Thumbnail
"Deepika Padukone, Hrithik Roshan tease fans with a glimpse of their dance number from 'Fighter' set to re",https://news.google.com/articles/CBMi0gFodHRwczovL20udGltZXNvZmluZGlhLmNvbS9lbnRlcnRhaW5tZW50L2hpbmRpL2JvbGx5d29vZC9uZXdzL2RlZXBpa2EtcGFkdWtvbmUtaHJpdGhpay1yb3NoYW4tdGVhc2UtZmFucy13aXRoLWEtZ2xpbXBzZS1vZi10aGVpci1kYW5jZS1udW1iZXItZnJvbS1maWdodGVyLXNldC10by1yZWxlYXNlLXRvbW9ycm93LXdhdGNoL2FydGljbGVzaG93LzEwNTk5NTAzNi5jbXPSAdYBaHR0cHM6Ly9tLnRpbWVzb2ZpbmRpYS5jb20vZW50ZXJ0YWlubWVudC9oaW5kaS9ib2xseXdvb2QvbmV3cy9kZWVwaWthLXBhZHVrb25lLWhyaXRoaWstcm9zaGFuLXRlYXNlLWZhbnMtd2l0aC1hLWdsaW1wc2Utb2YtdGhlaXItZGFuY2UtbnVtYmVyLWZyb20tZmlnaHRlci1zZXQtdG8tcmVsZWFzZS10b21vcnJvdy13YXRjaC9hbXBfYXJ0aWNsZXNob3cvMTA1OTk1MDM2LmNtcw?hl=en-ID&gl=ID&ceid=ID%3Aen,IndiaTimes,No Thumbnail
"Knicks in Prime Position to Draft Bronny James, Trade For LeBron?",https://news.google.com/articles/CBMiZ2h0dHBzOi8vd3d3LnNpLmNvbS9uYmEva25pY2tzL25ld3MvbmV3LXlvcmsta25pY2tzLXByaW1lLXBvc2l0aW9uLWRyYWZ0LWJyb25ueS1qYW1lcy10cmFkZS1sZWJyb24tamFtZXPSAQA?hl=en-ID&gl=ID&ceid=ID%3Aen,Sports Illustrated,https://lh3.googleusercontent.com/proxy/W3tJM9LwtVN7X0w_KavXufyITF84rANWUD8fRkHdkZ39d5_FJxX5ssJ4OjUzNTNoeQ7uE4mqJhyuVrenCMn3k4EebI4w9mud-5L_Yc_yEGv-pCV4g4crySo-oyrRTprZpVEcJ7il-DzG4Wasj9j2rxSuJkdjbQ=s0-w280-h168-dcgQCWZaKoJQED
"Lakers' Very Realistic Path to Teaming Bronny, LeBron James Up In 2024 Detailed by Insider",https://news.google.com/articles/CBMiS2h0dHBzOi8vd3d3LnNpLmNvbS9uYmEvMjAyMy8xMi8xMS9sYWtlcnMtbGVicm9uLWJyb25ueS1qYW1lcy0yMDI0LW5iYS1kcmFmdNIBAA?hl=en-ID&gl=ID&ceid=ID%3Aen,Sports Illustrated,No Thumbnail
Knicks Among Potential Landing Spots for Dream LeBron-Bronny James Pairing,https://news.google.com/articles/CBMiPWh0dHBzOi8vaGVhdnkuY29tL3Nwb3J0cy9uZXcteW9yay1rbmlja3MvbGVicm9uLWJyb25ueS1qYW1lcy_SAQA?hl=en-ID&gl=ID&ceid=ID%3Aen,Heavy.com,No Thumbnail
Lakers' Draft Dilemma: NBA Insider Unveils Strategy to Land Bronny James Without 2024 First-Round Pick,https://news.google.com/articles/CBMiVmh0dHBzOi8vYXRobG9uc3BvcnRzLmNvbS9uYmEvbGFrZXJzLWRyYWZ0LWJyb25ueS1qYW1lcy1sZWJyb24tbm8tMjAyNC1maXJzdC1yb3VuZC1waWNr0gEA?hl=en-ID&gl=ID&ceid=ID%3Aen,Athlon Sports,No Thumbnail
Pelicans Sends Former First-Round Pick To G League Assignment,https://news.google.com/articles/CBMiYmh0dHBzOi8vd3d3LnNpLmNvbS9uYmEvcGVsaWNhbnMvbmV3cy9wZWxpY2Fucy1zZW5kcy1mb3JtZXItZmlyc3Qtcm91bmQtcGljay10by1nLWxlYWd1ZS1hc3NpZ25tZW500gEA?hl=en-ID&gl=ID&ceid=ID%3Aen,Sports Illustrated,https://lh3.googleusercontent.com/proxy/lonwf0uu2RTCl5XQkfejPpfKYEyQXL2Px-WILsQMVxdUGql1-tOX2mpsPeEfuoONxzca2hlmcNcXvApd0vBjQdSTpdMsejexvfEyR8sWRGv9IrlgzrKQXnu4PvHq6iQ1ScsJut8-dnpDSpRY4t5--zAuy6H6zAw1sz3bhIUdL-hoL0NOk8X6q7srUbVCXKvSowG9Bj1_XCQVhk4oF1U0SidfY7yvcgsfT3zuyyu-wFgjZM3A5w=s0-w200-h112-dcFSOObD0F
"Patient Experience, Adverse Event Reporting, and Clinical Trial Design",https://news.google.com/articles/CBMiMWh0dHBzOi8vYXNjb3B1YnMub3JnL2RvaS9hYnMvMTAuMTIwMC9KQ08uMjMuMDE5NzbSAQA?hl=en-ID&gl=ID&ceid=ID%3Aen,ASCO Journals,https://lh3.googleusercontent.com/proxy/PfcAfMJ12a96dLYAwTeJZlQyiNh5benqMCAzuTsTL06qI7-iF8zMT1CDllTFodf3HWrXfRel-py-AmhnS4aDH0sB3cBfy7WMco66nZQzSGLLlLE5RnVz2vYqn9c1YMrtTOEPaBBuljHB2w2y2q7dneykIAHOw4mf7t0gAZQHnQ-3CHKJBH843qhn6MriChkbeB2JpoMS8TCFWLRHPIcyi7yH6g22i3SgVPr06Q=s0-w200-h112-p-df
IMF Executive Board Completes the Fifth Review Under the Extended Credit Facility Arrangement with the Democratic Republic of the Congo,https://news.google.com/articles/CBMiZGh0dHBzOi8vd3d3LmltZi5vcmcvZW4vTmV3cy9BcnRpY2xlcy8yMDIzLzEyLzE0L3ByMjM0NTMtZHJjLWltZi1leGVjLWJvYXJkLWNvbXBsZXRlcy01dGgtcmV2LWVjZi1hcnLSAQA?hl=en-ID&gl=ID&ceid=ID%3Aen,International Monetary Fund,No Thumbnail
TimothÃ©e Chalamet doesn't know what his axed 'Barbie' cameo would've been,https://news.google.com/articles/CBMia2h0dHBzOi8vd3d3Lm5tZS5jb20vbmV3cy9maWxtL3RpbW90aGVlLWNoYWxhbWV0LWRvZXNudC1rbm93LXdoYXQtaGlzLWF4ZWQtYmFyYmllLWNhbWVvLXdvdWxkdmUtYmVlbi0zNTU5Mzk50gEA?hl=en-ID&gl=ID&ceid=ID%3Aen,NME,https://lh3.googleusercontent.com/proxy/Os5CxspRc1PBc1dwXw7ShRLv6nKWgSZDvZFDgYyla6hGWiqN1jvr9RK9Lr44AY5ZNAcZUVzVfpoNde_9hNfujiLZWTOXmt9hq6KFAJvCZje6cwTBfOnnvtgFcb54hMIRhli8dtnHhSeIiBRBx8LF_kg=s0-w280-h168-dcqXWQza0G
TimothÃ©e Chalamet Never Found Out What His Axed â€˜Barbieâ€™ Cameo Wouldâ€™ve Been: â€˜Maybe There Was a Reject Frenchâ€™ Ken in Barbie Land,https://news.google.com/articles/CBMiVmh0dHBzOi8vdmFyaWV0eS5jb20vMjAyMy9maWxtL25ld3MvdGltb3RoZWUtY2hhbGFtZXQtYmFyYmllLWNhbWVvLXNjcmFwcGVkLTEyMzU4Mzg0MDgv0gFaaHR0cHM6Ly92YXJpZXR5LmNvbS8yMDIzL2ZpbG0vbmV3cy90aW1vdGhlZS1jaGFsYW1ldC1iYXJiaWUtY2FtZW8tc2NyYXBwZWQtMTIzNTgzODQwOC9hbXAv?hl=en-ID&gl=ID&ceid=ID%3Aen,Variety,No Thumbnail
"TimothÃ©e Chalamet would've been 'reject French' Ken in 'Barbie,' he jokes",https://news.google.com/articles/CBMiR2h0dHBzOi8vZXcuY29tL3RpbW90aGVlLWNoYWxhbWV0LWJhcmJpZS1tb3ZpZS1yZWplY3QtZnJlbmNoLWtlbi04NDE2MDI00gEA?hl=en-ID&gl=ID&ceid=ID%3Aen,Entertainment Weekly News,No Thumbnail
TimothÃ©e Chalamet Dishes on His Scrapped 'Barbie' Cameo With Saoirse Ronan,https://news.google.com/articles/CBMiaGh0dHBzOi8vd3d3LmV0b25saW5lLmNvbS90aW1vdGhlZS1jaGFsYW1ldC1kaXNoZXMtb24taGlzLXNjcmFwcGVkLWJhcmJpZS1jYW1lby13aXRoLXNhb2lyc2Utcm9uYW4tMjE2NTYw0gFsaHR0cHM6Ly93d3cuZXRvbmxpbmUuY29tL3RpbW90aGVlLWNoYWxhbWV0LWRpc2hlcy1vbi1oaXMtc2NyYXBwZWQtYmFyYmllLWNhbWVvLXdpdGgtc2FvaXJzZS1yb25hbi0yMTY1NjA_YW1w?hl=en-ID&gl=ID&ceid=ID%3Aen,Entertainment Tonight,No Thumbnail
Inventor of Air Conditioning Helped Chill NASA Wind Tunnels,https://news.google.com/articles/CBMibmh0dHBzOi8vd3d3Lm5hc2EuZ292L2NlbnRlcnMtYW5kLWZhY2lsaXRpZXMvZ2xlbm4vaW52ZW50b3Itb2YtYWlyLWNvbmRpdGlvbmluZy1oZWxwZWQtY2hpbGwtbmFzYS13aW5kLXR1bm5lbHMv0gEA?hl=en-ID&gl=ID&ceid=ID%3Aen,NASA,https://lh3.googleusercontent.com/proxy/ls0IXmUj68KQy-rcsT6lqzXcWLhjw4IBpdoJPp_Y2R8fLRxddtZN_X-OdmQW-Jnbw_td10J0P60klEEa2Ky1GRUyd6Ha7l8_XCO3Ybt4SHdpew2NPZmYoy0=s0-w200-h112-p-df
"CM Punk's potential was fumbled in AEW due to ""jealousy,"" claims WWE Hall of Famer (Exclusive)",https://news.google.com/articles/CBMicWh0dHBzOi8vd3d3LnNwb3J0c2tlZWRhLmNvbS93d2UvbmV3cy1jbS1wdW5rLXMtcG90ZW50aWFsLWZ1bWJsZWQtYWV3LWR1ZS1qZWFsb3VzeS1jbGFpbXMtd3dlLWhhbGwtZmFtZXItZXhjbHVzaXZl0gEA?hl=en-ID&gl=ID&ceid=ID%3Aen,Sportskeeda,https://lh3.googleusercontent.com/proxy/8F9wydFfwfcLuFXdbJS3MN1RFH0CtNF0DW8sTBhNFq9Swr7r1VC2JWWFxutWEgi2JkZaLBlg_DnlMk3pgSBdoWNE9RyZ0oC8OyqnM5DWqTiiy1lSmUiP0pB_5aTCM28fx3M3aCYH_H1AzASB9Q=s0-w280-h168-p-df
Chris Jericho Shares AEWâ€™s Honest Feelings on CM Punkâ€™s WWE Comeback,https://news.google.com/articles/CBMia2h0dHBzOi8vd3d3LnJpbmdzaWRlbmV3cy5jb20vMjAyMy8xMi8xNC9jaHJpcy1qZXJpY2hvLXNoYXJlcy1hZXdzLWhvbmVzdC1mZWVsaW5ncy1vbi1jbS1wdW5rcy13d2UtY29tZWJhY2sv0gFraHR0cHM6Ly93d3cucmluZ3NpZGVuZXdzLmNvbS8yMDIzLzEyLzE0L2NocmlzLWplcmljaG8tc2hhcmVzLWFld3MtaG9uZXN0LWZlZWxpbmdzLW9uLWNtLXB1bmtzLXd3ZS1jb21lYmFjay8?hl=en-ID&gl=ID&ceid=ID%3Aen,Ringside News,No Thumbnail
REVEALED: How CM Punk Reacted To His AEW Firing,https://news.google.com/articles/CBMiS2h0dHBzOi8vY3VsdGFob2xpYy5jb20vcG9zdHMvcmV2ZWFsZWQtaG93LWNtLXB1bmstcmVhY3RlZC10by1oaXMtYWV3LWZpcmluZ9IBAA?hl=en-ID&gl=ID&ceid=ID%3Aen,Cultaholic,No Thumbnail
Chris Jericho Asked About The Backstage Reaction In AEW To CM Punkâ€™s WWE Return,https://news.google.com/articles/CBMiZmh0dHBzOi8vd3d3LnB3bWFuaWEuY29tL2NocmlzLWplcmljaG8tYXNrZWQtYWJvdXQtdGhlLWJhY2tzdGFnZS1yZWFjdGlvbi1pbi1hZXctdG8tY20tcHVua3Mtd3dlLXJldHVybtIBAA?hl=en-ID&gl=ID&ceid=ID%3Aen,PWMania,No Thumbnail
"For Hayden Springer, late daughter's spirit burns bright at Final Stage of Q-School - PGA TOUR",https://news.google.com/articles/CBMitQFodHRwczovL3d3dy5wZ2F0b3VyLmNvbS9hcnRpY2xlL25ld3MvbGF0ZXN0LzIwMjMvMTIvMTQvZm9yLWhheWRlbi1zcHJpbmdlci1sYXRlLWRhdWdodGVyLXMtc3Bpcml0LWJ1cm5zLWJyaWdodC1hdC1xLXNjaG9vbC1maW5hbC1zdGFnZS1wcmVzZW50ZWQtYnkta29ybi1mZXJyeS10cGMtc2F3Z3Jhc3M_d2Vidmlldz0x0gEA?hl=en-ID&gl=ID&ceid=ID%3Aen,PGA TOUR,https://lh3.googleusercontent.com/proxy/CduwpAv6poOhNIHlkoWwJzqbvvAzAh3hVud-mF-VdeMBWdPC7xmjQic4rWI6hOCQD-1M-s_ttzN_lQS5ZS-_PpAwyE-eLpa0MtLEWIRCqse8CwfoRNSXVvqu-yA4lWGMkg5MN109bgdExjRs8BfPEGpxNwlV6Mc68oXRiw=s0-w200-h112-dcJSWCzZkF
Lt. Col. Conricus: War must dismantle Hamas; tunnel flooding on table,https://news.google.com/articles/CBMiOmh0dHBzOi8vd3d3Lmpwb3N0LmNvbS9hcmFiLWlzcmFlbGktY29uZmxpY3QvYXJ0aWNsZS03NzgxMjXSAQA?hl=en-ID&gl=ID&ceid=ID%3Aen,The Jerusalem Post,https://lh3.googleusercontent.com/proxy/YHPULGT_xUAQqz85pWLzU5Fn5Ut2meclVMDZqlyuIvkSWGrB97kCgg7G9URnWr4c4PdSDb5Ob5HmdOM6hE8lQaihys8hLppJ1qt81dLlIK7ChHuJRaqc0tEvngh48er2D3OCIO46JDnyoER8EdNS39yGneAJIvkGOb1BxPfGckw=s0-w280-h168-dcHXWAzTEG
"IDF trial of flooding Hamas tunnels with seawater proves successful, ToI told",https://news.google.com/articles/CBMia2h0dHBzOi8vd3d3LnRpbWVzb2Zpc3JhZWwuY29tL2lkZi10cmlhbC1vZi1mbG9vZGluZy1oYW1hcy10dW5uZWxzLXdpdGgtc2Vhd2F0ZXItcHJvdmVzLXN1Y2Nlc3NmdWwtdG9pLXRvbGQv0gFvaHR0cHM6Ly93d3cudGltZXNvZmlzcmFlbC5jb20vaWRmLXRyaWFsLW9mLWZsb29kaW5nLWhhbWFzLXR1bm5lbHMtd2l0aC1zZWF3YXRlci1wcm92ZXMtc3VjY2Vzc2Z1bC10b2ktdG9sZC9hbXAv?hl=en-ID&gl=ID&ceid=ID%3Aen,The Times of Israel,No Thumbnail
Gaza: Tactic of flooding Hamas tunnels has been used before by Egypt,https://news.google.com/articles/CBMiVWh0dHBzOi8vd3d3LmJ1c2luZXNzaW5zaWRlci5jb20vaXNyYWVsLWZsb29kcy1oYW1hcy10dW5uZWxzLWdhemEtZWd5cHQtc2V3YWdlLTIwMjMtMTLSAVlodHRwczovL3d3dy5idXNpbmVzc2luc2lkZXIuY29tL2lzcmFlbC1mbG9vZHMtaGFtYXMtdHVubmVscy1nYXphLWVneXB0LXNld2FnZS0yMDIzLTEyP2FtcA?hl=en-ID&gl=ID&ceid=ID%3Aen,Business Insider,No Thumbnail
Biden points to Gaza hostages when asked about Israeli tunnel flooding reports,https://news.google.com/articles/CBMiMWh0dHBzOi8vd3d3LmFyYWJuZXdzLmNvbS9ub2RlLzI0MjQ4ODYvbWlkZGxlLWVhc3TSAQA?hl=en-ID&gl=ID&ceid=ID%3Aen,Arab News,No Thumbnail
"Jeff Bezos on AI: Large language models are 'not inventions, they're discoveries'",https://news.google.com/articles/CBMia2h0dHBzOi8vd3d3LmdlZWt3aXJlLmNvbS8yMDIzL2plZmYtYmV6b3Mtb24tYWktbGFyZ2UtbGFuZ3VhZ2UtbW9kZWxzLWFyZS1ub3QtaW52ZW50aW9ucy10aGV5cmUtZGlzY292ZXJpZXMv0gEA?hl=en-ID&gl=ID&ceid=ID%3Aen,GeekWire,No Thumbnail
Final Stage at Q-School update: Roberto Diaz seeks full PGA TOUR status with renewed vision,https://news.google.com/articles/CBMivgFodHRwczovL3d3dy5wZ2F0b3VyLmNvbS9hcnRpY2xlL25ld3MvbGF0ZXN0LzIwMjMvMTIvMTQvZmluYWwtc3RhZ2UtcGdhLXRvdXItcS1zY2hvb2wtcHJlc2VudGVkLWJ5LWtvcm4tZmVycnktdHBjLXNhd2dyYXNzLXJvYmVydG8tZGlhei1zYW0tYmVubmV0dC1oYXJyaXNvbi1lbmR5Y290dC10YW5vLWdveWEtaGF5ZGVuLXNwcmluZ2Vy0gEA?hl=en-ID&gl=ID&ceid=ID%3Aen,PGA TOUR,https://lh3.googleusercontent.com/proxy/tQDoK-TaH7lFu1AKIE75WlJuzXNjprGM1lWERRPqvbAvHGRhLqGrLnc1ObmyCsbP6LlfvwUNDI-oHHiLzqfeoQoHDDy_wCbOOyLQAz0EIPi0nA3UO9iL1KCqJKoSsTrlMGNaw4mBArjsUl4GaLqakV2ZYuad=s0-w280-h168-dcHTOUCqYI
7 surprising golfers fighting for status at Q-School this week,https://news.google.com/articles/CBMiO2h0dHBzOi8vZ29sZi5jb20vbmV3cy9xLXNjaG9vbC1zdXJwcmlzaW5nLXBnYS10b3VyLXBsYXllcnMv0gE7aHR0cHM6Ly9nb2xmLmNvbS9uZXdzL3Etc2Nob29sLXN1cnByaXNpbmctcGdhLXRvdXItcGxheWVycy8?hl=en-ID&gl=ID&ceid=ID%3Aen,Golf.com,No Thumbnail
Five 'Cinderellas' to watch at PGA TOUR Q-School Final Stage,https://news.google.com/articles/CBMioAFodHRwczovL3d3dy5wZ2F0b3VyLmNvbS9hcnRpY2xlL25ld3MvbGF0ZXN0LzIwMjMvMTIvMTMvZml2ZS1jaW5kZXJlbGxhcy10by13YXRjaC1hdC1wZ2EtdG91ci1xLXNjaG9vbC1maW5hbC1zdGFnZS10cGMtc2F3Z3Jhc3Mtd2VzLWhvbWFuLWNhbGViLWhpY2tzLXRheWxvci1mdW5r0gEA?hl=en-ID&gl=ID&ceid=ID%3Aen,PGA TOUR,No Thumbnail
"PGA Tour, Korn Ferry Tour cards on the line this week at Q-School",https://news.google.com/articles/CBMiZGh0dHBzOi8vd3d3Lm5iY3Nwb3J0cy5jb20vZ29sZi9uZXdzL3BnYS10b3VyLWtvcm4tZmVycnktdG91ci1jYXJkcy1vbi10aGUtbGluZS10aGlzLXdlZWstYXQtcS1zY2hvb2zSAQA?hl=en-ID&gl=ID&ceid=ID%3Aen,NBC Sports,No Thumbnail
Randle Makes New York Knicks History in Loss to Jazz,https://news.google.com/articles/CBMiXGh0dHBzOi8vd3d3LnNpLmNvbS9uYmEva25pY2tzL25ld3MvbmV3LXlvcmsta25pY2tzLWp1bGl1cy1yYW5kbGUtdGVhbS1oaXN0b3J5LWxvc3MtdXRhaC1qYXp60gEA?hl=en-ID&gl=ID&ceid=ID%3Aen,Sports Illustrated,https://lh3.googleusercontent.com/proxy/gsTnZO17nRD9WfaId84ndsoUMPsrSioSFByWLk5WZahFTMKm-tNkqLvtH2N01TSnPPnxu_wWfVSa3HXlkEZsmgmZvAmx6Dh0HquwMrAkuoYzvpuCXtz-bxcd63AT_Q02TXg58ePihQ4gcN70hA0VcdoRnuxIhg=s0-w200-h112-dckUGKq50G
Oprah Winfrey reveals why Beyonce and Rihanna were not cast in The Color Purple... despite pressures to produ,https://news.google.com/articles/CBMid2h0dHBzOi8vd3d3LmRhaWx5bWFpbC5jby51ay90dnNob3diaXovYXJ0aWNsZS0xMjg2NjM2NS9PcHJhaC1XaW5mcmV5LXJldmVhbHMtbm90LWNhc3QtQmV5b25jZS1SaWhhbm5hLUNvbG9yLVB1cnBsZS5odG1s0gF7aHR0cHM6Ly93d3cuZGFpbHltYWlsLmNvLnVrL3R2c2hvd2Jpei9hcnRpY2xlLTEyODY2MzY1L2FtcC9PcHJhaC1XaW5mcmV5LXJldmVhbHMtbm90LWNhc3QtQmV5b25jZS1SaWhhbm5hLUNvbG9yLVB1cnBsZS5odG1s?hl=en-ID&gl=ID&ceid=ID%3Aen,Daily Mail,https://lh3.googleusercontent.com/proxy/-YYMu_crh0hus_UcefAl3HSm3qaKP-DG1Jm5CorBv8Rnc4Pr_hmXD9sLTA0Gb9cA3aLb9_w9jYrv4QCC3N-FWjr5nHCWa0S0t0B0oD6ieh7giO3Q4cWasRZNBWug77KNgbfhrqhWCcZThMf8cEk=s0-w280-h168-dcoXSSjDEH
Oprah Winfrey Says It Was a 'Miracle' She Got Role in 1985's 'Color Purple': 'I'd Never Been to a Movie Set' (Exclusive),https://news.google.com/articles/CBMiWmh0dHBzOi8vcGVvcGxlLmNvbS9vcHJhaC13aW5mcmV5LWNhbGxzLXJvbGUtaW4tMTk4NS1jb2xvci1wdXJwbGUtbWlyYWNsZS1leGNsdXNpdmUtODQxNDg1OdIBAA?hl=en-ID&gl=ID&ceid=ID%3Aen,PEOPLE,No Thumbnail
Oprah explains why BeyoncÃ© wasn't cast in the The Color Purple musical,https://news.google.com/articles/CBMiW2h0dHBzOi8vd3d3LnRoZXBpbmtuZXdzLmNvbS8yMDIzLzEyLzE0L29wcmFoLXdpbmZyZXktYmV5b25jZS1yaWhhbm5hLXRoZS1jb2xvci1wdXJwbGUtY2FzdC_SAQA?hl=en-ID&gl=ID&ceid=ID%3Aen,PinkNews,No Thumbnail
Oprah Winfrey Reveals the Glorious Cast of 'The Color Purple' Musical Film,https://news.google.com/articles/CBMiW2h0dHBzOi8vd3d3LnZhbml0eWZhaXIuY29tL2hvbGx5d29vZC8yMDIyLzAyLzAyL29wcmFoLXdpbmZyZXktdGhlLWNvbG9yLXB1cnBsZS1jYXN0LW11c2ljYWzSAQA?hl=en-ID&gl=ID&ceid=ID%3Aen,Vanity Fair,No Thumbnail
Complete LEGO Fortnite map: all features and landing areas,https://news.google.com/articles/CBMiU2h0dHBzOi8vd3d3Lm1hcmNhLmNvbS9lbi90ZWNobm9sb2d5L2dhbWluZy8yMDIzLzEyLzE0LzY1N2I2YWI5Y2E0NzQxMjA3NzhiNDU5ZS5odG1s0gFTaHR0cHM6Ly9hbXAubWFyY2EuY29tL2VuL3RlY2hub2xvZ3kvZ2FtaW5nLzIwMjMvMTIvMTQvNjU3YjZhYjljYTQ3NDEyMDc3OGI0NTllLmh0bWw?hl=en-ID&gl=ID&ceid=ID%3Aen,Marca English,https://lh3.googleusercontent.com/proxy/7EWHeWK7njeBS3sdPZvrQkQoilfy8ZdM-H2JGpSqn29gIq9wpLKfD_XkZLVbXH9E867oRkTvY0dEqpXOLRhsy59Nwyo9SLV058cNvBTP6znU7cI6XmsFsk5YVDKuyWylMkwjQyEmkl_nEu7EL098YI39MtODFrd30W3kslp8hNfx5IE2fR0WWfboasdKXIckuuY2OpurRjiUirUgjK_OwrX2kKrojdY665TR7DCEQ_3V=s0-w280-h168-dcAYGIZj1koSwC
Getting started in LEGO Fortnite - LEGO Fortnite Support,https://news.google.com/articles/CBMijAFodHRwczovL3d3dy5lcGljZ2FtZXMuY29tL2hlbHAvZW4tVVMvbGVnby1mb3J0bml0ZS1jMjA5NDQyNTQ1MTI3OTUvZ2FtZXBsYXktYzIwOTQ0Njk4MjM0NTIzL2dldHRpbmctc3RhcnRlZC1pbi1sZWdvLWZvcnRuaXRlLWEyMDk4MzI5MTU1NDA3NdIBAA?hl=en-ID&gl=ID&ceid=ID%3Aen,Epic Games,No Thumbnail
"Fortnite Launches LEGO Fortnite, Rocket Racing, and Fortnite Festival â€“ All Out Now",https://news.google.com/articles/CBMid2h0dHBzOi8vbmV3cy54Ym94LmNvbS9lbi11cy8yMDIzLzEyLzEyL2ZvcnRuaXRlLWxhdW5jaGVzLWxlZ28tZm9ydG5pdGUtcm9ja2V0LXJhY2luZy1hbmQtZm9ydG5pdGUtZmVzdGl2YWwtYWxsLW91dC1ub3cv0gEA?hl=en-ID&gl=ID&ceid=ID%3Aen,Xbox,No Thumbnail
LEGO Fortnite: How Big Is The World Map?,https://news.google.com/articles/CBMiRGh0dHBzOi8vd3d3LmdhbWVsZWFwLmNvbS9uZXdzL2xlZ28tZm9ydG5pdGUtaG93LWJpZy1pcy10aGUtd29ybGQtbWFw0gEA?hl=en-ID&gl=ID&ceid=ID%3Aen,GameLeap,No Thumbnail
NBA Twitter reacts to Giannis Antetokounmpo's 64-point game: 'Shoutout to Giannis for the record in points and goofiness',https://news.google.com/articles/CBMiowFodHRwczovL3d3dy51c2F0b2RheS5jb20vc3Rvcnkvc3BvcnRzL25iYS8yMDIzLzEyLzE0L3R3aXR0ZXItcmVhY3RzLWdpYW5uaXMtYW50ZXRva291bm1wb3MtcG9pbnQtZ2FtZS1zaG91dG91dC1naWFubmlzLXRoZS1yZWNvcmQtcG9pbnRzLWFuZC1nb29maW5lc3MvNzE5MTYxOTgwMDcv0gEA?hl=en-ID&gl=ID&ceid=ID%3Aen,USA TODAY,https://lh3.googleusercontent.com/proxy/nwUb28sgm9NbgMqgIRp6oGLke1WWZ-DCpCZoEedNKkwfTrP8_kCraOi96FA8JEmfSz7D0WiVUzjTxEI6R_kO8qnKfTm32SE0Mz-kzCYIFToPJVdsq-b92NO3DvIHgl5MhozfABbEUW-cef_pAm3uU-4TSKJPPxCvRLy4oMYieO3gpCxksdMx29kSFFpL9yyo1rzKf7JhdTtpBG2oTNc3SIn6owk3WBn2vCyE-JYRzBSMheu8hHrZE6s_F4s=s0-w280-h168-dcgTOQr5UJ
"The Bucks, Pacers' messy game ball situation has a simple explanation",https://news.google.com/articles/CBMibGh0dHBzOi8vd3d3LnVzYXRvZGF5LmNvbS9zdG9yeS9zcG9ydHMvbmJhLzIwMjMvMTIvMTQvZ2lhbm5pcy1nYW1lLWJhbGwtYWdhaW5zdC1wYWNlcnMtZXhwbGFpbmVkLzcxOTIwMTgzMDA3L9IBAA?hl=en-ID&gl=ID&ceid=ID%3Aen,USA TODAY,No Thumbnail
"In Giannis game ball conflict, video suggests Pacers knew they had it",https://news.google.com/articles/CBMijAFodHRwczovL3d3dy5qc29ubGluZS5jb20vc3Rvcnkvc3BvcnRzL25iYS9idWNrcy8yMDIzLzEyLzE0L2luLWdpYW5uaXMtZ2FtZS1iYWxsLWNvbmZsaWN0LXZpZGVvLXN1Z2dlc3RzLXBhY2Vycy1rbmV3LXRoZXktaGFkLWl0LzcxOTE3Njg3MDA3L9IBAA?hl=en-ID&gl=ID&ceid=ID%3Aen,Milwaukee Journal Sentinel,No Thumbnail
Giannis Antetokounmpo sets Bucks team record with 64 points,https://news.google.com/articles/CBMiT2h0dHBzOi8vd3d3Lm5iYS5jb20vbmV3cy9naWFubmlzLWFudGV0b2tvdW5tcG8tc2V0cy1idWNrcy1yZWNvcmQtd2l0aC02NC1wb2ludHPSAQA?hl=en-ID&gl=ID&ceid=ID%3Aen,NBA.com,No Thumbnail
Pokemon Fan Makes Incredible 3D Render of Iono,https://news.google.com/articles/CBMiOGh0dHBzOi8vZ2FtZXJhbnQuY29tL3Bva2Vtb24taW9uby1maWd1cmUtcmVuZGVyLWZhbi1hcnQv0gEA?hl=en-ID&gl=ID&ceid=ID%3Aen,GameRant,https://lh3.googleusercontent.com/proxy/0LkPQN4AHiTpAGsnytwWPB_6ML1G64M4pobQlYT1Zk-oiuZr3DQJqGFmyJ4xWe3yJpczd6Gvra5eUiRV6g3-QZRzLKMjMecD7kkefJjD1YpGBpnTXVmmagRf2Zjp-YsgZzRAppU9Dd7-Vi40RpX7YMZF1HSm48R2R1FjM40x5N1xhqXv66uY4YQAhBN27Cw=s0-w200-h112-dcAQCKjjkE
76ers' Developmental Prospect Signs With San Antonio Spurs,https://news.google.com/articles/CBMiVmh0dHBzOi8vd3d3LnNpLmNvbS9uYmEvNzZlcnMvbmV3cy83NmVycy1kZXZlbG9wbWVudGFsLXByb3NwZWN0LXNpZ25zLXNhbi1hbnRvbmlvLXNwdXJz0gEA?hl=en-ID&gl=ID&ceid=ID%3Aen,Sports Illustrated,https://lh3.googleusercontent.com/proxy/CqvL0bynqNfiEzODhIIxbvu7GhfBEW5Ehy16zaosLLdQjk-1X-UkVLpO-hjvWDPpBd52wAlxtIqEvU5Is0FWYNtUJE5-0lpoALC7igBo9MhlWyEw0zXw5aIuToo6PRrHayGWOnL_Q1hv0jfp1_FPAHwfhWTGSfkSsew10ZQc7DwhttZcgdda4LNRxZvwHNMMZxlf7Yy0RSrE7x9y8yFjViyCe1t6VOnGtG7tUuXCQMj8jMxXLxrja7WRiOMAQEmoL06YcIjWM2E=s0-w280-h168-dcDQOGjg0lklAB
Report: Spurs sign David Duke Jr. to two-way contract,https://news.google.com/articles/CBMiYGh0dHBzOi8vc3B1cnN3aXJlLnVzYXRvZGF5LmNvbS8yMDIzLzEyLzE0L3Nhbi1hbnRvbmlvLXNwdXJzLXNpZ24tZGF2aWQtZHVrZS1qci10d28td2F5LWNvbnRyYWN0L9IBAA?hl=en-ID&gl=ID&ceid=ID%3Aen,USA Today,No Thumbnail
BREAKING: San Antonio Spurs Reportedly Sign 2-Year NBA Player,https://news.google.com/articles/CBMiemh0dHBzOi8vd3d3LnNpLmNvbS9mYW5uYXRpb24vbmJhL2Zhc3RicmVhay9uZXdzL2JyZWFraW5nLXNhbi1hbnRvbmlvLXNwdXJzLXJlcG9ydGVkbHktc2lnbi0yLXllYXItbmJhLXBsYXllci1kYWl2ZC1kdWtlLWpy0gEA?hl=en-ID&gl=ID&ceid=ID%3Aen,Sports Illustrated,No Thumbnail
"Spurs Waive Rice, Sign Duke To Two-Way Deal",https://news.google.com/articles/CBMiVmh0dHBzOi8vd3d3Lmhvb3BzcnVtb3JzLmNvbS8yMDIzLzEyL3NwdXJzLXRvLXdhaXZlLXJpY2Utc2lnbi1kdWtlLXRvLXR3by13YXktZGVhbC5odG1s0gEA?hl=en-ID&gl=ID&ceid=ID%3Aen,hoopsrumors.com,No Thumbnail
Luis Suarez Reveals How Lionel Messi Called Him 'Fat' & Ignored Luis Enrique's Orders to Start the 'MSN' With Neymar at FC Barcelona,https://news.google.com/articles/CBMitQFodHRwczovL3d3dy5lc3NlbnRpYWxseXNwb3J0cy5jb20vc29jY2VyLWZvb3RiYWxsLW5ld3MtbHVpcy1zdWFyZXotcmV2ZWFscy1ob3ctbGlvbmVsLW1lc3NpLWNhbGxlZC1oaW0tZmF0LWlnbm9yZWQtbHVpcy1lbnJpcXVlcy1vcmRlcnMtdG8tc3RhcnQtdGhlLW1zbi13aXRoLW5leW1hci1hdC1mYy1iYXJjZWxvbmEv0gEA?hl=en-ID&gl=ID&ceid=ID%3Aen,EssentiallySports,https://lh3.googleusercontent.com/proxy/AThf1qp8GBp-JkYxq3fRNE_gZKd__ZvlfHNwwuQbYmA-YJLwSrmni3WMm2ScSpcOtr46WaoMUpeakoaHdcijrG-cKwQu5wQIaF1EfJ28RvauZMTc6xsWvpDjMYB_OYXtNCeSIPeN4nJDTcjh7Q=s0-w280-h168-dclTKGKJ0J
"Why I no longer have Whatsapp group with Messi, Neymar - Suarez",https://news.google.com/articles/CBMiXWh0dHBzOi8vZGFpbHlwb3N0Lm5nLzIwMjMvMTIvMTAvd2h5LWktbm8tbG9uZ2VyLWhhdmUtd2hhdHNhcHAtZ3JvdXAtd2l0aC1tZXNzaS1uZXltYXItc3VhcmV6L9IBAA?hl=en-ID&gl=ID&ceid=ID%3Aen,Daily Post Nigeria,No Thumbnail
Luis SuÃ¡rez explains how the beginning of the 'MSN' was,https://news.google.com/articles/CBMieWh0dHBzOi8vd3d3LmZjYmFyY2Vsb25hbm90aWNpYXMuY29tL2VuL2ZjLWJhcmNlbG9uYS9sdWlzLXN1YXJlei1leHBsYWlucy1ob3ctd2FzLXRoZS1iZWdpbm5pbmctb2YtdGhlLW1zbl8yOTkwMzZfMTAyLmh0bWzSAX1odHRwczovL3d3dy5mY2JhcmNlbG9uYW5vdGljaWFzLmNvbS9lbi9mYy1iYXJjZWxvbmEvbHVpcy1zdWFyZXotZXhwbGFpbnMtaG93LXdhcy10aGUtYmVnaW5uaW5nLW9mLXRoZS1tc25fMjk5MDM2XzEwMl9hbXAuaHRtbA?hl=en-ID&gl=ID&ceid=ID%3Aen,FC Barcelona Noticias,No Thumbnail
Researchers develop AI capable of determining snow depth across Switzerland using satellite images,https://news.google.com/articles/CBMiSWh0dHBzOi8vcGh5cy5vcmcvbmV3cy8yMDIzLTEyLWFpLWNhcGFibGUtZGVwdGgtc3dpdHplcmxhbmQtc2F0ZWxsaXRlLmh0bWzSAUhodHRwczovL3BoeXMub3JnL25ld3MvMjAyMy0xMi1haS1jYXBhYmxlLWRlcHRoLXN3aXR6ZXJsYW5kLXNhdGVsbGl0ZS5hbXA?hl=en-ID&gl=ID&ceid=ID%3Aen,Phys.org,https://lh3.googleusercontent.com/proxy/11GgvnhT47y4GKUgq9mxtFpznV9NwNVtzHS_YEm_w8gKAiaJxUcnTC5eBdCfs3L1bLuB69nOjKIT5f5ITF5IBe6Nzzg1FYMe-jkKaTlVceq50oC1Xu9HbkXhv4Hxhuvw=s0-w200-h112-dcERIC
